horizon_min,model,lam_policy,theta,slippage,scope,n_decisions,n_matched,n_gated,n_fillable,pass_rate,unfillable_rate,gross_mean,entry_cost_markout_mean,entry_cost_markout_median,roundtrip_touch_net_mean,hit_rate,sum_entry_markout
5,ridge,raw,1.0,0.0,in_scope,741221,688678,468506,464798,0.6320732952790059,0.007914519771358318,0.0005100027774460614,-0.005816508550196886,-0.005054542329162359,-0.01256089098751545,0.30347376709882573,-2703.50146484375
5,ridge,raw,1.0,0.005,in_scope,741221,688678,325609,323149,0.4392873380543724,0.007555073723392166,0.0006491773528978229,-0.010950131341814995,-0.010082992725074291,-0.018036551773548126,0.22503550993504545,-3538.52392578125
5,ridge,raw,1.0,0.01,in_scope,741221,688678,228658,227006,0.30848829161613067,0.00722476362077863,0.0007136765634641051,-0.016170039772987366,-0.015149448066949844,-0.023603850975632668,0.18187184479705382,-3670.696044921875
5,ridge,raw,1.5,0.0,in_scope,741221,688678,380598,377624,0.5134743888799697,0.007814018991166533,0.0005841103265993297,-0.005717077758163214,-0.005027533508837223,-0.012511813081800938,0.3125648793508887,-2158.90576171875
5,ridge,raw,1.5,0.005,in_scope,741221,688678,263828,261794,0.35593702822774853,0.00770956835514047,0.0006617068429477513,-0.010887468233704567,-0.010048769414424896,-0.018012825399637222,0.23259127405517316,-2850.27392578125
5,ridge,raw,1.5,0.01,in_scope,741221,688678,185131,183767,0.2497649149174133,0.007367755805348645,0.0008102368446998298,-0.01599773019552231,-0.015082959085702896,-0.02345842681825161,0.1885213340806565,-2939.85498046875
5,ridge,raw,2.0,0.0,in_scope,741221,688678,308376,305911,0.4160378618522681,0.00799348846862272,0.0006398943369276822,-0.005625359248369932,-0.004979845602065325,-0.012467038817703724,0.32147585408828055,-1720.8592529296875
5,ridge,raw,2.0,0.005,in_scope,741221,688678,214112,212477,0.28886391508065745,0.007636190405021671,0.0007237219833768904,-0.010770534165203571,-0.010012451559305191,-0.01792888529598713,0.24000715371546097,-2288.49072265625
5,ridge,raw,2.0,0.01,in_scope,741221,688678,150379,149281,0.2028801126789446,0.007301551413428736,0.0008952328935265541,-0.01583700254559517,-0.015018297359347343,-0.023311464115977287,0.19422431521760974,-2364.16357421875
5,ridge,raw,1.0,0.0,out_of_scope,1291344,1291302,986936,986670,0.7642704035485509,0.0002695210226397659,-0.00026440294459462166,-0.013572252355515957,-0.01041312888264656,-0.02898130938410759,0.3375566298762504,-13391.333984375
5,ridge,raw,1.0,0.005,out_of_scope,1291344,1291302,865093,864856,0.66991676888575,0.00027395898475655216,-0.00036299292696639895,-0.018898656591773033,-0.015722747892141342,-0.03458311781287193,0.2764321459294958,-16344.6162109375
5,ridge,raw,1.0,0.01,out_of_scope,1291344,1291302,751941,751739,0.5822933315987064,0.0002686380979358753,-0.0004963048850186169,-0.02428395487368107,-0.021058209240436554,-0.040240805596113205,0.2294227118720726,-18255.1953125
5,ridge,raw,1.5,0.0,out_of_scope,1291344,1291302,846043,845829,0.6551646966261507,0.00025294222634074154,-0.0003625983081292361,-0.013324330560863018,-0.010206632316112518,-0.028484446927905083,0.33921631913779265,-11270.10546875
5,ridge,raw,1.5,0.005,out_of_scope,1291344,1291302,732005,731826,0.5668551524613116,0.0002445338488125081,-0.000492698687594384,-0.01867440529167652,-0.015494120307266712,-0.03409672528505325,0.2768936878438317,-13666.4150390625
5,ridge,raw,1.5,0.01,out_of_scope,1291344,1291302,627606,627453,0.4860099245437312,0.00024378352023403217,-0.0006276332424022257,-0.024044804275035858,-0.020792990922927856,-0.039729055017232895,0.22948651134029163,-15086.984375
5,ridge,raw,2.0,0.0,out_of_scope,1291344,1291302,716231,716071,0.5546399719981663,0.00022339161527496016,-0.0004957847995683551,-0.013094507157802582,-0.009957455098628998,-0.027969850227236748,0.34077626380624265,-9376.5966796875
5,ridge,raw,2.0,0.005,out_of_scope,1291344,1291302,611419,611278,0.4734749222515457,0.00023061108666888009,-0.0006577671156264842,-0.018473563715815544,-0.01524989865720272,-0.03362536057829857,0.2773271735609657,-11292.4833984375
5,ridge,raw,2.0,0.01,out_of_scope,1291344,1291302,517222,517107,0.40052999045955223,0.0002223416637343346,-0.0007941471412777901,-0.023849384859204292,-0.020529936999082565,-0.03928964212536812,0.22949989073828048,-12332.68359375
5,ridge,wf,1.0,0.0,in_scope,741221,688678,426387,423051,0.5752494869951067,0.007823878307734523,0.0005508349859155715,-0.005773166194558144,-0.005046116188168526,-0.012548104859888554,0.3077477656358217,-2442.34375
5,ridge,wf,1.0,0.005,in_scope,741221,688678,272873,270815,0.3681398665175433,0.007541970073990464,0.000668071152176708,-0.010976390913128853,-0.010096072219312191,-0.01816600188612938,0.23261266916529735,-2972.5712890625
5,ridge,wf,1.0,0.01,in_scope,741221,688678,178273,177026,0.24051261364694201,0.006994889859933922,0.0008638409781269729,-0.016125980764627457,-0.015124903991818428,-0.023743053898215294,0.19257058285223638,-2854.7177734375
5,ridge,wf,1.5,0.0,in_scope,741221,688678,329864,327242,0.44502786618296025,0.007948730385855989,0.0006271298625506461,-0.005659394897520542,-0.005004541948437691,-0.012494809925556183,0.3184126731898717,-1851.99169921875
5,ridge,wf,1.5,0.005,in_scope,741221,688678,211487,209897,0.2853224611822925,0.007518192607583444,0.0007584940758533776,-0.010820494033396244,-0.010035641491413116,-0.018055209890007973,0.241885305649914,-2271.189208984375
5,ridge,wf,1.5,0.01,in_scope,741221,688678,138281,137285,0.18655839486468948,0.00720272488628228,0.0009772601770237088,-0.01590866968035698,-0.01503078080713749,-0.023526908829808235,0.19959937356593946,-2184.021728515625
5,ridge,wf,2.0,0.0,in_scope,741221,688678,254972,252915,0.343989174618636,0.008067552515570337,0.0006720931851305068,-0.005568027030676603,-0.0049591874703764915,-0.012466509826481342,0.32719688432872707,-1408.237548828125
5,ridge,wf,2.0,0.005,in_scope,741221,688678,163791,162557,0.22097458113032414,0.007533991489153861,0.0008253884152509272,-0.01068140473216772,-0.00995247345417738,-0.017945779487490654,0.24977084960967538,-1736.337158203125
5,ridge,wf,2.0,0.01,in_scope,741221,688678,107092,106313,0.14448052605093487,0.007274119448698315,0.0010703718289732933,-0.0157098900526762,-0.01492883637547493,-0.023323727771639824,0.206061347154158,-1670.16552734375
5,ridge,wf,1.0,0.0,out_of_scope,1291344,1291302,921357,921115,0.7134868787867524,0.0002626560605715266,-0.00030962389428168535,-0.013486946932971478,-0.01034400425851345,-0.02880879119038582,0.33817601493841704,-12423.029296875
5,ridge,wf,1.0,0.005,out_of_scope,1291344,1291302,777231,777033,0.6018775787086942,0.00025475051818571313,-0.0004286071052774787,-0.018897145986557007,-0.01571917161345482,-0.034540414810180664,0.27715811297589676,-14683.7060546875
5,ridge,wf,1.0,0.01,out_of_scope,1291344,1291302,646341,646188,0.5005180648998253,0.00023671715085380628,-0.0005698396125808358,-0.024367008358240128,-0.021099496632814407,-0.040382590144872665,0.23061554841625037,-15745.66796875
5,ridge,wf,1.5,0.0,out_of_scope,1291344,1291302,756349,756177,0.5857068294737886,0.000227408246722082,-0.00044050978613086045,-0.013197793625295162,-0.010057932697236538,-0.028185700997710228,0.3401981282160129,-9979.8681640625
5,ridge,wf,1.5,0.005,out_of_scope,1291344,1291302,624763,624631,0.4838083423162225,0.00021128011742052585,-0.0005986091564409435,-0.0186470877379179,-0.015409998595714569,-0.03397877514362335,0.27769355027208065,-11647.548828125
5,ridge,wf,1.5,0.01,out_of_scope,1291344,1291302,509008,508892,0.3941691756805313,0.00022789425706472196,-0.0007223045686259866,-0.024101497605443,-0.020723197609186172,-0.03980233520269394,0.23121605370098175,-12265.0595703125
5,ridge,wf,2.0,0.0,out_of_scope,1291344,1291302,609754,609632,0.4721855679044468,0.00020008068827756767,-0.0005599397118203342,-0.012893150560557842,-0.00971522368490696,-0.027550777420401573,0.342587003306913,-7860.0771484375
5,ridge,wf,2.0,0.005,out_of_scope,1291344,1291302,493091,492992,0.3818432578770645,0.0002007742992672752,-0.0006900685839354992,-0.018312251195311546,-0.014999710023403168,-0.033315181732177734,0.2792945930157082,-9027.79296875
5,ridge,wf,2.0,0.01,out_of_scope,1291344,1291302,395044,394964,0.30591693615334103,0.00020250908759530584,-0.0008120076381601393,-0.023757794871926308,-0.020267987623810768,-0.039154794067144394,0.2314438784294265,-9383.4736328125
5,lgbm,raw,1.0,0.0,in_scope,741221,688678,313571,310099,0.42304656775779426,0.01107245249082345,0.0009555025608278811,-0.005031198263168335,-0.004847065079957247,-0.011466916650533676,0.29282906426657296,-1560.1695556640625
5,lgbm,raw,1.0,0.005,in_scope,741221,688678,167072,164829,0.22540106122195674,0.013425349549894655,0.001485562650486827,-0.009783357381820679,-0.009738091379404068,-0.016487518325448036,0.206656595623343,-1612.5810546875
5,lgbm,raw,1.0,0.01,in_scope,741221,688678,99041,97549,0.1336187183039876,0.015064468250522512,0.002011792967095971,-0.014570078812539577,-0.014633085578680038,-0.021562563255429268,0.1673210386574952,-1421.296630859375
5,lgbm,raw,1.5,0.0,in_scope,741221,688678,217831,215058,0.2938813120513315,0.012730052196427507,0.0011865099659189582,-0.004706505220383406,-0.004734543617814779,-0.011090921238064766,0.29630146286118164,-1012.1715698242188
5,lgbm,raw,1.5,0.005,in_scope,741221,688678,122279,120486,0.16496969190025648,0.014663188282534205,0.0017589693889021873,-0.009407555684447289,-0.009623982943594456,-0.016040485352277756,0.20988330594425908,-1133.478759765625
5,lgbm,raw,1.5,0.01,in_scope,741221,688678,75660,74429,0.10207481979058877,0.01627015596087761,0.0023886573035269976,-0.014063935726881027,-0.014520114287734032,-0.020957281813025475,0.16993376237756788,-1046.7646484375
5,lgbm,raw,2.0,0.0,in_scope,741221,688678,156784,154533,0.21152126019095518,0.01435733238085519,0.0014450624585151672,-0.004395372699946165,-0.004648095462471247,-0.010748190805315971,0.2995282561006387,-679.2301635742188
5,lgbm,raw,2.0,0.005,in_scope,741221,688678,92464,90976,0.1247455212413032,0.016092749610659283,0.0019647344015538692,-0.009130224585533142,-0.009550380520522594,-0.015711411833763123,0.21230874076679565,-830.6312866210938
5,lgbm,raw,2.0,0.01,in_scope,741221,688678,59253,58244,0.07993972108183658,0.017028673653654666,0.0027265793178230524,-0.013650127686560154,-0.014409705996513367,-0.020505685359239578,0.17344275805233156,-795.0380249023438
5,lgbm,raw,1.0,0.0,out_of_scope,1291344,1291302,449008,448846,0.3477059559652579,0.00036079535331219045,0.0018710030708462,-0.010194294154644012,-0.007581489160656929,-0.024416474625468254,0.3591343133279566,-4575.66796875
5,lgbm,raw,1.0,0.005,out_of_scope,1291344,1291302,293944,293821,0.22762641093310534,0.00041844705113899247,0.0024883593432605267,-0.015430271625518799,-0.012580933049321175,-0.03049386665225029,0.2891998870060343,-4533.73779296875
5,lgbm,raw,1.0,0.01,out_of_scope,1291344,1291302,205172,205075,0.15888252859036786,0.0004727740627376055,0.0029214697424322367,-0.020744627341628075,-0.01758238673210144,-0.03648655116558075,0.23775204193587712,-4254.20458984375
5,lgbm,raw,1.5,0.0,out_of_scope,1291344,1291302,293167,293063,0.22702471223779255,0.0003547466119993042,0.002454380737617612,-0.009040416218340397,-0.006751087494194508,-0.022758541628718376,0.36495565799845087,-2649.41162109375
5,lgbm,raw,1.5,0.005,out_of_scope,1291344,1291302,199361,199286,0.15438256576094364,0.00037620196527906664,0.002900252817198634,-0.014432700350880623,-0.011853838339447975,-0.028954818844795227,0.2869293377357165,-2876.235107421875
5,lgbm,raw,1.5,0.01,out_of_scope,1291344,1291302,144455,144400,0.11186407339949696,0.00038074140735869303,0.0034171275328844786,-0.019609950482845306,-0.01680518314242363,-0.034767843782901764,0.23510387811634348,-2831.6767578125
5,lgbm,raw,2.0,0.0,out_of_scope,1291344,1291302,203269,203201,0.15740887013839844,0.00033453207326252405,0.002794950269162655,-0.008272760547697544,-0.006204932928085327,-0.02158268354833126,0.3670700439466341,-1681.033203125
5,lgbm,raw,2.0,0.005,out_of_scope,1291344,1291302,143563,143514,0.11117332019972989,0.00034131356965234774,0.003211151110008359,-0.013648283667862415,-0.01129225455224514,-0.0277022086083889,0.2845297322909263,-1958.7197265625
5,lgbm,raw,2.0,0.01,out_of_scope,1291344,1291302,107407,107366,0.08317458399930615,0.0003817255858556705,0.0037316419184207916,-0.018767425790429115,-0.016313787549734116,-0.033411819487810135,0.2309390309781495,-2014.9833984375
5,lgbm,wf,1.0,0.0,in_scope,741221,688678,298563,295225,0.4027988953362088,0.011180219920083868,0.0009821598650887609,-0.004994332790374756,-0.00483644800260663,-0.011427070945501328,0.2930950969599458,-1474.451904296875
5,lgbm,wf,1.0,0.005,in_scope,741221,688678,155017,152907,0.20913735579537007,0.013611410361444228,0.0015458823181688786,-0.00973636656999588,-0.009721236303448677,-0.016458885744214058,0.20843388464883883,-1488.7586669921875
5,lgbm,wf,1.0,0.01,in_scope,741221,688678,90307,88932,0.12183545798081814,0.015225840743242494,0.002113439841195941,-0.014497790485620499,-0.014618403278291225,-0.021530412137508392,0.16971393873971125,-1289.3175048828125
5,lgbm,wf,1.5,0.0,in_scope,741221,688678,204213,201560,0.27550892378926123,0.012991337476066655,0.0012408785987645388,-0.004647566471248865,-0.0047241030260920525,-0.011034374125301838,0.29709267711847587,-936.7634887695312
5,lgbm,wf,1.5,0.005,in_scope,741221,688678,112536,110848,0.15182516415482022,0.014999644558185825,0.0017753596184775233,-0.009400122798979282,-0.00961882621049881,-0.016047559678554535,0.21097358545034642,-1041.98486328125
5,lgbm,wf,1.5,0.01,in_scope,741221,688678,68730,67610,0.09272538149890519,0.016295649643532664,0.0024479683488607407,-0.014024298638105392,-0.014489136636257172,-0.020951086655259132,0.17237095104274516,-948.1828002929688
5,lgbm,wf,2.0,0.0,in_scope,741221,688678,145240,143120,0.19594695778991691,0.014596529881575324,0.0014935062499716878,-0.004345265682786703,-0.004636605270206928,-0.010701294988393784,0.3004192286193404,-621.8944091796875
5,lgbm,wf,2.0,0.005,in_scope,741221,688678,84152,82780,0.11353159179246136,0.016303831162658048,0.002016277052462101,-0.009092746302485466,-0.009542092680931091,-0.015699293464422226,0.21395264556656196,-752.6975708007812
5,lgbm,wf,2.0,0.01,in_scope,741221,688678,53460,52547,0.07212423825013053,0.017078189300411523,0.002795123029500246,-0.013616183772683144,-0.014383773319423199,-0.0205202866345644,0.17648961881743963,-715.4896240234375
5,lgbm,wf,1.0,0.0,out_of_scope,1291344,1291302,423274,423121,0.32777788102937716,0.00036146798527667657,0.0019873585551977158,-0.010029558092355728,-0.0074456920847296715,-0.02419709973037243,0.36038154570442027,-4243.716796875
5,lgbm,wf,1.0,0.005,out_of_scope,1291344,1291302,272739,272624,0.2112055346987325,0.00042164853577962813,0.0025912367273122072,-0.015330790542066097,-0.012468278408050537,-0.03038858063519001,0.2893839133751981,-4179.54150390625
5,lgbm,wf,1.0,0.01,out_of_scope,1291344,1291302,188892,188801,0.14627550830762368,0.00048175677106494715,0.0030934554524719715,-0.020611051470041275,-0.017448436468839645,-0.036373548209667206,0.2386533969629398,-3891.38720703125
5,lgbm,wf,1.5,0.0,out_of_scope,1291344,1291302,272641,272541,0.21112964477319754,0.00036678269225831774,0.0025948428083211184,-0.008851105347275734,-0.006619157735258341,-0.022500481456518173,0.36591191783988464,-2412.2890625
5,lgbm,wf,1.5,0.005,out_of_scope,1291344,1291302,183553,183488,0.14214105613995962,0.00035412115301847424,0.0030385360587388277,-0.014295702800154686,-0.011722574010491371,-0.028767984360456467,0.2875228897802581,-2623.08984375
5,lgbm,wf,1.5,0.01,out_of_scope,1291344,1291302,132293,132243,0.10244597876321104,0.00037794894665628566,0.0034329595509916544,-0.019621605053544044,-0.0167602077126503,-0.03474611043930054,0.23456818130260204,-2594.81982421875
5,lgbm,wf,2.0,0.0,out_of_scope,1291344,1291302,187744,187681,0.14538651203707145,0.000335563320265894,0.0028523507062345743,-0.00819248054176569,-0.006130579859018326,-0.021462097764015198,0.3672614702607083,-1537.572998046875
5,lgbm,wf,2.0,0.005,out_of_scope,1291344,1291302,131559,131513,0.1018775787086942,0.00034965300739592123,0.003289729356765747,-0.013566626235842705,-0.01123369112610817,-0.027603717520833015,0.2839491152965867,-1784.187744140625
5,lgbm,wf,2.0,0.01,out_of_scope,1291344,1291302,97805,97770,0.07573892007087189,0.0003578549153928736,0.0037388810887932777,-0.01877160184085369,-0.01625075191259384,-0.03342701494693756,0.2303365040400941,-1835.299560546875
5,tcn,raw,1.0,0.0,in_scope,741221,688678,344786,341640,0.46515951382920884,0.00912450041475002,0.0007048193947412074,-0.005549000576138496,-0.004811696242541075,-0.012301165610551834,0.30984954923311087,-1895.760498046875
5,tcn,raw,1.0,0.005,in_scope,741221,688678,190737,188837,0.25732811131902633,0.009961360407262356,0.0009376871748827398,-0.01074519194662571,-0.009738141670823097,-0.017972536385059357,0.23043153619258938,-2029.08984375
5,tcn,raw,1.0,0.01,in_scope,741221,688678,116006,114777,0.1565066289271351,0.010594279606227264,0.0011635797563940287,-0.015959536656737328,-0.01466745138168335,-0.023634985089302063,0.19182414595258632,-1831.7877197265625
5,tcn,raw,1.5,0.0,in_scope,741221,688678,243640,241214,0.32870088678005616,0.009957314069939254,0.0008556257816962898,-0.005369655322283506,-0.00469207763671875,-0.01217860821634531,0.31839777127364083,-1295.236083984375
5,tcn,raw,1.5,0.005,in_scope,741221,688678,140551,139038,0.18962090928346606,0.010764775775341335,0.0010833860142156482,-0.010538076981902122,-0.009630255401134491,-0.017767034471035004,0.23710064874350897,-1465.193115234375
5,tcn,raw,1.5,0.01,in_scope,741221,688678,89099,88118,0.12020571462492294,0.011010224581645136,0.001400066539645195,-0.01563459262251854,-0.01453879103064537,-0.023289324715733528,0.19733766086384166,-1377.68896484375
5,tcn,raw,2.0,0.0,in_scope,741221,688678,176672,174774,0.238352664050263,0.010743071907263178,0.0009936600690707564,-0.005210179835557938,-0.004607615992426872,-0.012062572874128819,0.3245047890418483,-910.60400390625
5,tcn,raw,2.0,0.005,in_scope,741221,688678,106699,105478,0.14395031981015108,0.011443406217490324,0.0013662903802469373,-0.010217261500656605,-0.009511513635516167,-0.017463086172938347,0.2440698534291511,-1077.6962890625
5,tcn,raw,2.0,0.01,in_scope,741221,688678,70042,69250,0.09449543388544038,0.011307501213557579,0.001572124194353819,-0.015398776158690453,-0.014417074620723724,-0.02305285818874836,0.2031046931407942,-1066.365234375
5,tcn,raw,1.0,0.0,out_of_scope,1291344,1291302,579636,579437,0.4488625803813701,0.0003433189104886515,0.001111482735723257,-0.011409757658839226,-0.008204074576497078,-0.02622338756918907,0.3553449296472265,-6611.23583984375
5,tcn,raw,1.0,0.005,out_of_scope,1291344,1291302,396555,396396,0.30708703490317063,0.0004009532095169649,0.001332639716565609,-0.017003366723656654,-0.01328243874013424,-0.03267988935112953,0.2892057437511983,-6740.06640625
5,tcn,raw,1.0,0.01,out_of_scope,1291344,1291302,279859,279728,0.21671917010494493,0.0004680928610478848,0.0015307095600292087,-0.0226344782859087,-0.018352385610342026,-0.039216745644807816,0.24209231825201624,-6331.49755859375
5,tcn,raw,1.5,0.0,out_of_scope,1291344,1291302,390417,390272,0.30233384752629816,0.000371397761880246,0.0013705601450055838,-0.010660804808139801,-0.007400812581181526,-0.02512763813138008,0.3612480526402099,-4160.61376953125
5,tcn,raw,1.5,0.005,out_of_scope,1291344,1291302,270215,270101,0.20925098192271,0.0004218862757433895,0.0016229888424277306,-0.016286607831716537,-0.012494910508394241,-0.03167331591248512,0.2912058822440495,-4399.029296875
5,tcn,raw,1.5,0.01,out_of_scope,1291344,1291302,196863,196773,0.15244814704679777,0.00045717072278691275,0.00185008707921952,-0.021866150200366974,-0.01752578094601631,-0.03816048428416252,0.2430973761644128,-4302.66796875
5,tcn,raw,2.0,0.0,out_of_scope,1291344,1291302,272234,272130,0.21081446926612893,0.00038202428792876716,0.0016934052109718323,-0.009977340698242188,-0.006773057393729687,-0.024189280346035957,0.3661301583801859,-2715.1337890625
5,tcn,raw,2.0,0.005,out_of_scope,1291344,1291302,193660,193583,0.1499677855009974,0.00039760404833212847,0.0018202433129772544,-0.01573096215724945,-0.011906418949365616,-0.030890945345163345,0.29272198488503637,-3045.246826171875
5,tcn,raw,2.0,0.01,out_of_scope,1291344,1291302,145612,145559,0.11276003915300647,0.00036398099057769964,0.0020145303569734097,-0.02128409594297409,-0.01693139411509037,-0.037281353026628494,0.2433446231425058,-3098.091796875
5,tcn,wf,1.0,0.0,in_scope,741221,688678,330817,327757,0.4463135825887286,0.009249826943597215,0.0007225211011245847,-0.005520335398614407,-0.004796426743268967,-0.012269771657884121,0.3106630827106667,-1809.32861328125
5,tcn,wf,1.0,0.005,in_scope,741221,688678,178060,176267,0.24022524995918895,0.010069639447377288,0.0009538906160742044,-0.0107365557923913,-0.009724135510623455,-0.017982183024287224,0.23200031769985308,-1892.50048828125
5,tcn,wf,1.0,0.01,in_scope,741221,688678,106497,105369,0.1436777965006388,0.010591847657680498,0.001202983083203435,-0.015942998230457306,-0.014644401147961617,-0.02364654466509819,0.19396596721996032,-1679.8978271484375
5,tcn,wf,1.5,0.0,in_scope,741221,688678,230005,227688,0.3103055633879774,0.010073694050129344,0.0008518428076058626,-0.005359990522265434,-0.004679587669670582,-0.01216731034219265,0.3190638066125575,-1220.405517578125
5,tcn,wf,1.5,0.005,in_scope,741221,688678,129727,128319,0.17501797709455075,0.010853561710360988,0.0011380274081602693,-0.01048725750297308,-0.009607651270925999,-0.017731040716171265,0.23904488033728444,-1345.71435546875
5,tcn,wf,1.5,0.01,in_scope,741221,688678,81119,80227,0.10943969477389334,0.010996190781444544,0.0014449943555518985,-0.01560811698436737,-0.014507139101624489,-0.023298732936382294,0.2000324080421803,-1252.1923828125
5,tcn,wf,2.0,0.0,in_scope,741221,688678,164556,162764,0.22200666198070482,0.01088990981793432,0.001049178303219378,-0.005146478768438101,-0.004583138041198254,-0.011996089480817318,0.32583372244476666,-837.6614990234375
5,tcn,wf,2.0,0.005,in_scope,741221,688678,97663,96542,0.1317596236480078,0.011478246623593378,0.0013176064239814878,-0.010268076322972775,-0.009505966678261757,-0.01752678118646145,0.24487787698618219,-991.3006591796875
5,tcn,wf,2.0,0.01,in_scope,741221,688678,63228,62502,0.08530249412793216,0.011482254697286013,0.0015612602001056075,-0.015421955846250057,-0.014407733455300331,-0.023099709302186966,0.2060414066749864,-963.903076171875
5,tcn,wf,1.0,0.0,out_of_scope,1291344,1291302,552789,552596,0.42807261271977104,0.0003491386406024722,0.0011406708508729935,-0.011299294419586658,-0.008094045333564281,-0.026043545454740524,0.3561969322977365,-6243.94482421875
5,tcn,wf,1.0,0.005,out_of_scope,1291344,1291302,370117,369964,0.28661379152263067,0.0004133827951701759,0.0013371024979278445,-0.016971299424767494,-0.013202248141169548,-0.032629337161779404,0.2895768236909537,-6278.76953125
5,tcn,wf,1.0,0.01,out_of_scope,1291344,1291302,258133,258012,0.19989483824604443,0.0004687506053081164,0.0015648629050701857,-0.02259988524019718,-0.018236251547932625,-0.03918709605932236,0.2425274793420461,-5831.04150390625
5,tcn,wf,1.5,0.0,out_of_scope,1291344,1291302,366008,365870,0.2834318353591297,0.00037704093899586894,0.0014263592893257737,-0.01051322277635336,-0.007265848573297262,-0.024884898215532303,0.36236368108891137,-3846.472900390625
5,tcn,wf,1.5,0.005,out_of_scope,1291344,1291302,249115,249011,0.19291141632283884,0.0004174778716656966,0.0016449972754344344,-0.016220679506659508,-0.012375002726912498,-0.03159164637327194,0.2915453534181221,-4039.12744140625
5,tcn,wf,1.5,0.01,out_of_scope,1291344,1291302,180063,179982,0.1394384455265212,0.000449842555105713,0.0018098183209076524,-0.021870354190468788,-0.017404239624738693,-0.03814414516091347,0.2435688013245769,-3936.27001953125
5,tcn,wf,2.0,0.0,out_of_scope,1291344,1291302,251652,251566,0.19487603612979965,0.0003417417703813202,0.0016306756297126412,-0.009949604980647564,-0.00667020445689559,-0.024065880104899406,0.3668540263787634,-2502.982421875
5,tcn,wf,2.0,0.005,out_of_scope,1291344,1291302,177341,177276,0.13733056412543831,0.000366525507355885,0.0017613405361771584,-0.015722893178462982,-0.01179618388414383,-0.030796563252806664,0.29250998443105664,-2787.29150390625
5,tcn,wf,2.0,0.01,out_of_scope,1291344,1291302,132234,132189,0.10240028993049102,0.0003403058214982531,0.001851203734986484,-0.02137705311179161,-0.01683535985648632,-0.03728378191590309,0.24303837686948232,-2825.811279296875
15,ridge,raw,1.0,0.0,in_scope,721475,671146,517882,509946,0.7178100419279947,0.015323954105375355,0.0033443933352828026,-0.0030108673963695765,-0.0033719255588948727,-0.009795194491744041,0.4157342149953132,-1535.3797607421875
15,ridge,raw,1.0,0.005,in_scope,721475,671146,401672,396277,0.5567372396825947,0.01343135692804079,0.003934377804398537,-0.007647860795259476,-0.008079546503722668,-0.014730609022080898,0.3439563739505447,-3030.67138671875
15,ridge,raw,1.0,0.01,in_scope,721475,671146,314135,310422,0.4354066322464396,0.011819759020803159,0.004535974003374577,-0.012294775806367397,-0.012768473476171494,-0.0196980033069849,0.30397652228257016,-3816.56884765625
15,ridge,raw,1.5,0.0,in_scope,721475,671146,449798,443275,0.623442253716345,0.014502065371566793,0.0036775709595531225,-0.002696643816307187,-0.003196452744305134,-0.009568111971020699,0.4245220235745305,-1195.354736328125
15,ridge,raw,1.5,0.005,in_scope,721475,671146,348789,344332,0.4834387885928133,0.012778499321939625,0.0043046558275818825,-0.007295703981071711,-0.007886750623583794,-0.014473543502390385,0.3554389368400265,-2512.144287109375
15,ridge,raw,1.5,0.01,in_scope,721475,671146,273307,270196,0.3788170068262934,0.01138280395306377,0.004872016608715057,-0.011961614713072777,-0.012564340606331825,-0.019450843334197998,0.31355016358495313,-3231.98046875
15,ridge,raw,2.0,0.0,in_scope,721475,671146,389948,384549,0.5404871963685506,0.013845435801696636,0.004027321934700012,-0.0023665311746299267,-0.003003582824021578,-0.00932841282337904,0.4331099547781947,-910.0471801757812
15,ridge,raw,2.0,0.005,in_scope,721475,671146,302983,299269,0.41994940919643786,0.012258113491516025,0.004630782175809145,-0.006978186778724194,-0.007683939300477505,-0.014243273995816708,0.3651163334658785,-2088.35498046875
15,ridge,raw,2.0,0.01,in_scope,721475,671146,237582,234983,0.32930039155895907,0.010939380929531698,0.005190079566091299,-0.011639796197414398,-0.012360131368041039,-0.019201533868908882,0.32172540141201705,-2735.154296875
15,ridge,raw,1.0,0.0,out_of_scope,1256198,1256166,1077447,1077039,0.8577047567342091,0.0003786729184823012,0.002284505870193243,-0.011206365190446377,-0.007966369390487671,-0.02731819450855255,0.4234498472200171,-12069.6923828125
15,ridge,raw,1.0,0.005,out_of_scope,1256198,1256166,1001449,1001058,0.7972063321228023,0.0003904342607561643,0.0023871364537626505,-0.016254913061857224,-0.0129779614508152,-0.0325641855597496,0.3818110439155374,-16272.111328125
15,ridge,raw,1.0,0.01,out_of_scope,1256198,1256166,928505,928140,0.7391390529200015,0.0003931050452070802,0.0024363319389522076,-0.021363265812397003,-0.01804180070757866,-0.037880271673202515,0.3447960437003038,-19828.1015625
15,ridge,raw,1.5,0.0,out_of_scope,1256198,1256166,990604,990216,0.788573138947841,0.00039168022741680836,0.0023953155614435673,-0.010922273620963097,-0.007699635345488787,-0.026956427842378616,0.4262282168738942,-10815.41015625
15,ridge,raw,1.5,0.005,out_of_scope,1256198,1256166,916945,916578,0.7299366819561884,0.0004002421083052964,0.0024492600932717323,-0.01601688750088215,-0.01273513026535511,-0.03225128352642059,0.38400332541256715,-14680.7265625
15,ridge,raw,1.5,0.01,out_of_scope,1256198,1256166,846211,845873,0.673628679555293,0.0003994275659380462,0.0024397859815508127,-0.02117663063108921,-0.017827652394771576,-0.03762887418270111,0.346447989237155,-17912.740234375
15,ridge,raw,2.0,0.0,out_of_scope,1256198,1256166,905938,905575,0.7211745282192775,0.0004006896719201535,0.002409339416772127,-0.010728721506893635,-0.007459375075995922,-0.02668297104537487,0.4284537448582392,-9715.662109375
15,ridge,raw,2.0,0.005,out_of_scope,1256198,1256166,834146,833815,0.6640243019014519,0.00039681302793515764,0.002400691621005535,-0.015877721831202507,-0.01254408061504364,-0.03203346207737923,0.3856095176987701,-13239.08203125
15,ridge,raw,2.0,0.01,out_of_scope,1256198,1256166,765509,765196,0.6093856223302377,0.0004088782757616174,0.0023912929464131594,-0.02103126049041748,-0.017622696235775948,-0.03739706054329872,0.34806115034579377,-16093.0361328125
15,ridge,wf,1.0,0.0,in_scope,721475,671146,474451,467436,0.6576125298866905,0.014785509989440428,0.003541576210409403,-0.0028324942104518414,-0.0032785937655717134,-0.009680639021098614,0.4207699021898185,-1324.009765625
15,ridge,wf,1.0,0.005,in_scope,721475,671146,340639,336395,0.4721424858796216,0.01245893746752427,0.0043426137417554855,-0.007331354543566704,-0.007900549098849297,-0.014581461437046528,0.3576747573537062,-2466.23095703125
15,ridge,wf,1.0,0.01,in_scope,721475,671146,248736,246086,0.34476038670778614,0.01065386594622411,0.005082774441689253,-0.011915530078113079,-0.012496819719672203,-0.019581489264965057,0.32156644425119674,-2932.2451171875
15,ridge,wf,1.5,0.0,in_scope,721475,671146,393814,388380,0.5458456633979001,0.013798392134357844,0.00401294743642211,-0.0023883089888840914,-0.0030349018052220345,-0.009354849345982075,0.4322905401925949,-927.5714111328125
15,ridge,wf,1.5,0.005,in_scope,721475,671146,283330,280011,0.3927093800894002,0.011714255461828962,0.004760392941534519,-0.006935236044228077,-0.007641561329364777,-0.014306427910923958,0.3698783262086132,-1941.9423828125
15,ridge,wf,1.5,0.01,in_scope,721475,671146,207800,205706,0.28802106795107246,0.010076997112608278,0.005487183574587107,-0.011504371650516987,-0.01224697008728981,-0.019263332709670067,0.3311813948061797,-2366.518310546875
15,ridge,wf,2.0,0.0,in_scope,721475,671146,326578,322321,0.4526532450881874,0.013035170770841882,0.0044080219231545925,-0.002012627199292183,-0.0028095808811485767,-0.009094774723052979,0.4418452412346698,-648.7119750976562
15,ridge,wf,2.0,0.005,in_scope,721475,671146,235869,233231,0.3269260889150698,0.011184174266224048,0.0051963962614536285,-0.006498618051409721,-0.007381007075309753,-0.013965077698230743,0.3801124207330929,-1515.67919921875
15,ridge,wf,2.0,0.01,in_scope,721475,671146,173783,172129,0.24087182508056412,0.009517616797960675,0.00584987411275506,-0.011116674169898033,-0.012051474303007126,-0.018961429595947266,0.33890860924074384,-1913.501953125
15,ridge,wf,1.0,0.0,out_of_scope,1256198,1256166,1022500,1022105,0.8139640407005901,0.0003863080684596577,0.002372423419728875,-0.011026747524738312,-0.00779238436371088,-0.027106689289212227,0.4253046409126264,-11270.494140625
15,ridge,wf,1.0,0.005,out_of_scope,1256198,1256166,924381,924013,0.7358561309602467,0.0003981042448946917,0.0024689040146768093,-0.016138268634676933,-0.01283978670835495,-0.032492745667696,0.38413637037574144,-14911.9697265625
15,ridge,wf,1.0,0.01,out_of_scope,1256198,1256166,831155,830823,0.6616433078224929,0.0003994441470002587,0.00248918985016644,-0.021333597600460052,-0.017966944724321365,-0.037982095032930374,0.3478069336067971,-17724.443359375
15,ridge,wf,1.5,0.0,out_of_scope,1256198,1256166,910580,910217,0.7248698055561305,0.0003986470161874849,0.002443816512823105,-0.010725889354944229,-0.007473376579582691,-0.026711247861385345,0.42849012927686475,-9762.88671875
15,ridge,wf,1.5,0.005,out_of_scope,1256198,1256166,815372,815046,0.6490792056666226,0.00039981750661047965,0.002480490831658244,-0.015891488641500473,-0.01255548745393753,-0.032156746834516525,0.3866444347926375,-12952.294921875
15,ridge,wf,1.5,0.01,out_of_scope,1256198,1256166,725757,725460,0.5777409293757831,0.00040922788205969765,0.0024636273737996817,-0.021115893498063087,-0.017673563212156296,-0.037684112787246704,0.34993934882695116,-15318.736328125
15,ridge,wf,2.0,0.0,out_of_scope,1256198,1256166,802171,801848,0.638570511973431,0.00040265728878256633,0.002490011043846607,-0.010448289103806019,-0.007177813444286585,-0.026332370936870575,0.4313523261266474,-8377.939453125
15,ridge,wf,2.0,0.005,out_of_scope,1256198,1256166,711418,711130,0.5663263275375379,0.00040482529258466894,0.002504117554053664,-0.015625901520252228,-0.012242326512932777,-0.03179444000124931,0.3892241924823872,-11112.046875
15,ridge,wf,2.0,0.01,out_of_scope,1256198,1256166,626265,626008,0.49854003907027394,0.0004103694123094856,0.0025217700749635696,-0.020817365497350693,-0.017334086820483208,-0.03728046268224716,0.35214565948039,-13031.8369140625
15,lgbm,raw,1.0,0.0,in_scope,721475,671146,403362,395509,0.5590796631899927,0.019468864196429014,0.0033670200500637293,-0.002821017988026142,-0.003270308719947934,-0.009481043554842472,0.41406643085239525,-1115.738037109375
15,lgbm,raw,1.0,0.005,in_scope,721475,671146,257737,252517,0.35723621747115286,0.020253203847332747,0.004358283709734678,-0.007105676922947168,-0.00796099565923214,-0.014058217406272888,0.33689612976552075,-1794.30419921875
15,lgbm,raw,1.0,0.01,in_scope,721475,671146,172249,168740,0.23874562528154128,0.02037167124337442,0.0053039249032735825,-0.01148097962141037,-0.012773598544299603,-0.018769798800349236,0.2973628066848406,-1937.300537109375
15,lgbm,raw,1.5,0.0,in_scope,721475,671146,312014,305561,0.4324668214421844,0.020681764279807956,0.003948509227484465,-0.0021978900767862797,-0.003035052912309766,-0.008871990256011486,0.4228255569264402,-671.5894775390625
15,lgbm,raw,1.5,0.005,in_scope,721475,671146,203287,199001,0.2817658269517308,0.021083492795899394,0.004968619905412197,-0.006465492304414511,-0.007789161056280136,-0.013444955460727215,0.3462143406314541,-1286.639404296875
15,lgbm,raw,1.5,0.01,in_scope,721475,671146,139284,136337,0.1930545063931529,0.02115820912667643,0.005998191889375448,-0.010753716342151165,-0.012599354609847069,-0.01806746795773506,0.3055370148969099,-1466.12939453125
15,lgbm,raw,2.0,0.0,in_scope,721475,671146,244686,239455,0.3391468865865068,0.021378419688907416,0.004534576088190079,-0.0016039673937484622,-0.0028655817732214928,-0.008316021412611008,0.4295212044016621,-384.0780029296875
15,lgbm,raw,2.0,0.005,in_scope,721475,671146,162928,159420,0.22582625870612288,0.02153098301090052,0.005627369973808527,-0.005805291701108217,-0.007658946327865124,-0.012828030623495579,0.35395809810563295,-925.4796142578125
15,lgbm,raw,2.0,0.01,in_scope,721475,671146,114165,111723,0.15823833119650715,0.021390093286033373,0.006546060089021921,-0.01020568236708641,-0.01245471928268671,-0.017575697973370552,0.3129257180705853,-1140.20947265625
15,lgbm,raw,1.0,0.0,out_of_scope,1256198,1256166,708534,708160,0.5640305111136938,0.0005278504630688153,0.004460722673684359,-0.008601156994700432,-0.005982955917716026,-0.02452308125793934,0.439170526434704,-6090.9951171875
15,lgbm,raw,1.0,0.005,out_of_scope,1256198,1256166,552968,552634,0.44019175321087917,0.0006040132521230885,0.005177249200642109,-0.013372431509196758,-0.01057396735996008,-0.02984476275742054,0.40042415052276914,-7390.060546875
15,lgbm,raw,1.0,0.01,out_of_scope,1256198,1256166,440515,440210,0.35067322189654815,0.0006923714288957243,0.0057486966252326965,-0.018242010846734047,-0.015301461331546307,-0.03518442437052727,0.366904431975648,-8030.3154296875
15,lgbm,raw,1.5,0.0,out_of_scope,1256198,1256166,538176,537856,0.42841653943088587,0.0005946010227137591,0.005146321374922991,-0.007534172851592302,-0.0051169805228710175,-0.02321072854101658,0.4465061280342694,-4052.300048828125
15,lgbm,raw,1.5,0.005,out_of_scope,1256198,1256166,424778,424481,0.33814573817184873,0.0006991887527131819,0.005943523719906807,-0.012211693450808525,-0.009774547070264816,-0.028398849070072174,0.4061100496842026,-5183.6318359375
15,lgbm,raw,1.5,0.01,out_of_scope,1256198,1256166,343776,343498,0.27366386509133117,0.0008086661081634553,0.006696207448840141,-0.016883783042430878,-0.01445489190518856,-0.03357350081205368,0.3716586413894695,-5799.5458984375
15,lgbm,raw,2.0,0.0,out_of_scope,1256198,1256166,418327,418035,0.33301040122655823,0.0006980185357387881,0.00618693046271801,-0.006186148151755333,-0.004345856606960297,-0.021644435822963715,0.4540624588850216,-2586.0263671875
15,lgbm,raw,2.0,0.005,out_of_scope,1256198,1256166,335935,335666,0.2674220146823988,0.000800750145117359,0.007062993943691254,-0.010782080702483654,-0.008961533196270466,-0.02673436887562275,0.412141831463419,-3619.177978515625
15,lgbm,raw,2.0,0.01,out_of_scope,1256198,1256166,276184,275940,0.21985706074997732,0.0008834689916867016,0.007994955405592918,-0.015278981067240238,-0.013685129582881927,-0.03170672059059143,0.3771798217003696,-4216.08203125
15,lgbm,wf,1.0,0.0,in_scope,721475,671146,369866,362485,0.512652552063481,0.01995587591181671,0.0035654869861900806,-0.0026077893562614918,-0.0031964131630957127,-0.009273870848119259,0.41680069520118074,-945.2844848632812
15,lgbm,wf,1.0,0.005,in_scope,721475,671146,222919,218333,0.3089767490211026,0.020572494942109016,0.004609373398125172,-0.006897338200360537,-0.00790692400187254,-0.013913272880017757,0.34257304209624745,-1505.91650390625
15,lgbm,wf,1.0,0.01,in_scope,721475,671146,143816,140901,0.19933608233133512,0.020268954775546532,0.005779633764177561,-0.01110910251736641,-0.012663768604397774,-0.018530165776610374,0.30620790484098764,-1565.28369140625
15,lgbm,wf,1.5,0.0,in_scope,721475,671146,276807,270994,0.3836681797706088,0.021000191469146372,0.004150081425905228,-0.00199891091324389,-0.0029734764248132706,-0.008694668300449848,0.4256404200831015,-541.69287109375
15,lgbm,wf,1.5,0.005,in_scope,721475,671146,171894,168258,0.23825357774004643,0.021152570770358477,0.0053922091610729694,-0.006102012936025858,-0.007719331420958042,-0.013164855539798737,0.3526786244933376,-1026.7125244140625
15,lgbm,wf,1.5,0.01,in_scope,721475,671146,114212,111864,0.15830347551890225,0.02055826007775015,0.006486563477665186,-0.010382401756942272,-0.012526302598416805,-0.017847495153546333,0.3144622041049846,-1161.4169921875
15,lgbm,wf,2.0,0.0,in_scope,721475,671146,210943,206345,0.29237742125506777,0.021797357580009766,0.004912002943456173,-0.0012495226692408323,-0.0027834989596158266,-0.008005538024008274,0.43347306695098015,-257.832763671875
15,lgbm,wf,2.0,0.005,in_scope,721475,671146,135282,132370,0.18750753664368136,0.02152540618855428,0.006073974072933197,-0.005432446952909231,-0.0075534675270318985,-0.012563103809952736,0.36156984210923926,-719.093017578125
15,lgbm,wf,2.0,0.01,in_scope,721475,671146,92136,90210,0.1277050486849856,0.020903881219067465,0.007364329881966114,-0.009506359696388245,-0.012321618385612965,-0.017037397250533104,0.32405498281786943,-857.5687255859375
15,lgbm,wf,1.0,0.0,out_of_scope,1256198,1256166,643489,643132,0.5122512533852147,0.0005547880383347657,0.004492180421948433,-0.008450193330645561,-0.005739978980273008,-0.0243015568703413,0.4409934508001468,-5434.58984375
15,lgbm,wf,1.0,0.005,out_of_scope,1256198,1256166,486214,485899,0.3870520411591166,0.0006478628751948731,0.0051376698538661,-0.013384079560637474,-0.010436897166073322,-0.029857316985726357,0.4016040370529678,-6503.31103515625
15,lgbm,wf,1.0,0.01,out_of_scope,1256198,1256166,379279,378998,0.3019261294795884,0.000740879405398137,0.005815592594444752,-0.018209703266620636,-0.015180443413555622,-0.03523190692067146,0.3681892780436836,-6901.44140625
15,lgbm,wf,1.5,0.0,out_of_scope,1256198,1256166,474409,474107,0.3776546372466761,0.0006365815151061637,0.005291440524160862,-0.007278569508343935,-0.004885831382125616,-0.022877812385559082,0.4485422067170491,-3450.82080078125
15,lgbm,wf,1.5,0.005,out_of_scope,1256198,1256166,365976,365702,0.29133623839553957,0.0007486829737469124,0.006204339675605297,-0.01192182581871748,-0.0095165204256773,-0.02811160683631897,0.4082230887443875,-4359.83544921875
15,lgbm,wf,1.5,0.01,out_of_scope,1256198,1256166,291371,291131,0.23194671540632925,0.0008236921313377103,0.007208158262073994,-0.016418302431702614,-0.014218637719750404,-0.0331353135406971,0.3744912084250733,-4779.876953125
15,lgbm,wf,2.0,0.0,out_of_scope,1256198,1256166,361324,361056,0.2876330005301712,0.0007417165757049075,0.006619514897465706,-0.005653899163007736,-0.004008579067885876,-0.021005284041166306,0.45718669680049634,-2041.374267578125
15,lgbm,wf,2.0,0.005,out_of_scope,1256198,1256166,285367,285130,0.22716721408567758,0.00083050948427814,0.00785071961581707,-0.009944513440132141,-0.00851462036371231,-0.02583838813006878,0.41630484340476276,-2835.479248046875
15,lgbm,wf,2.0,0.01,out_of_scope,1256198,1256166,230535,230326,0.18351804412998587,0.0009065868523217733,0.008954365737736225,-0.014367925003170967,-0.013255912810564041,-0.030717426910996437,0.3820628153139463,-3309.306640625
15,tcn,raw,1.0,0.0,in_scope,721475,671146,432796,425799,0.5998766416022732,0.01616697011987172,0.003679378656670451,-0.0027368057053536177,-0.002972855931147933,-0.00965147651731968,0.4280024142846742,-1165.3291015625
15,tcn,raw,1.0,0.005,in_scope,721475,671146,288883,284641,0.40040611247790986,0.014684145484504108,0.004623860120773315,-0.00720614567399025,-0.007550590205937624,-0.014615216292440891,0.36340161817868827,-2051.16455078125
15,tcn,raw,1.0,0.01,in_scope,721475,671146,200706,197939,0.2781884334176513,0.013786334240132333,0.005469049792736769,-0.01182178221642971,-0.01215863786637783,-0.01976950652897358,0.32984909492318343,-2339.99169921875
15,tcn,raw,1.5,0.0,in_scope,721475,671146,344124,338718,0.47697286808274714,0.015709453569062316,0.004179943818598986,-0.0023134222719818354,-0.002733689732849598,-0.009393072687089443,0.4385299865965198,-783.5977783203125
15,tcn,raw,1.5,0.005,in_scope,721475,671146,233068,229680,0.3230437645102048,0.014536530111383802,0.0050483266822993755,-0.006865487899631262,-0.00732536893337965,-0.014460074715316296,0.37464298153953324,-1576.865234375
15,tcn,raw,1.5,0.01,in_scope,721475,671146,165235,162926,0.22902387470113308,0.01397403697763791,0.005846044514328241,-0.011525154113769531,-0.0119522325694561,-0.01964884251356125,0.3402403545167745,-1877.747314453125
15,tcn,raw,2.0,0.0,in_scope,721475,671146,275728,271477,0.382172632454347,0.015417367840770614,0.004650637973099947,-0.0019237496890127659,-0.0024749445728957653,-0.009181306697428226,0.44786851188130117,-522.2537841796875
15,tcn,raw,2.0,0.005,in_scope,721475,671146,190074,187306,0.2634519560622336,0.014562749245030883,0.005490630399435759,-0.00651541817933321,-0.0070768091827631,-0.014291435480117798,0.38547083382272856,-1220.376953125
15,tcn,raw,2.0,0.01,in_scope,721475,671146,137482,135553,0.19055684535153677,0.014030927685078774,0.006237538065761328,-0.011231162585318089,-0.011770756915211678,-0.019534336403012276,0.34902215369634015,-1522.417724609375
15,tcn,raw,1.0,0.0,out_of_scope,1256198,1256166,778150,777781,0.6194485264265666,0.0004742016320760779,0.004917336627840996,-0.00834573432803154,-0.0060990480706095695,-0.02446775883436203,0.43973303539171055,-6491.1533203125
15,tcn,raw,1.0,0.005,out_of_scope,1256198,1256166,634453,634120,0.505058119818691,0.0005248615736705478,0.005437551997601986,-0.013346707448363304,-0.011033238843083382,-0.03008829616010189,0.4003264366365987,-8463.4140625
15,tcn,raw,1.0,0.01,out_of_scope,1256198,1256166,522600,522304,0.41601722021528453,0.0005663987753539993,0.005861255805939436,-0.018449699506163597,-0.016044151037931442,-0.03581678867340088,0.3672880161744884,-9636.3515625
15,tcn,raw,1.5,0.0,out_of_scope,1256198,1256166,624187,623865,0.4968858412447719,0.0005158710450554081,0.00535332877188921,-0.007720828987658024,-0.005638746079057455,-0.023862486705183983,0.44434773548764556,-4816.7548828125
15,tcn,raw,1.5,0.005,out_of_scope,1256198,1256166,511091,510798,0.4068554479469001,0.0005732834270218024,0.005859455093741417,-0.01275634765625,-0.010586511343717575,-0.029556313529610634,0.40482539085900887,-6515.9169921875
15,tcn,raw,1.5,0.01,out_of_scope,1256198,1256166,422943,422678,0.3366849811892711,0.0006265619717077715,0.0063365488313138485,-0.017810024321079254,-0.01551025453954935,-0.03527383506298065,0.37238039358566094,-7527.9052734375
15,tcn,raw,2.0,0.0,out_of_scope,1256198,1256166,505887,505596,0.40271278890748113,0.0005752272740750404,0.005817619618028402,-0.0071265194565057755,-0.005178190767765045,-0.023336904123425484,0.44889200072785385,-3603.1396484375
15,tcn,raw,2.0,0.005,out_of_scope,1256198,1256166,415976,415726,0.33113888097258554,0.0006009962113198838,0.006282170303165913,-0.012219257652759552,-0.010070765390992165,-0.02913336642086506,0.40988295175187506,-5079.86328125
15,tcn,raw,2.0,0.01,out_of_scope,1256198,1256166,346252,346018,0.27563489195174645,0.0006758083707819738,0.006824326701462269,-0.017235346138477325,-0.014910586178302765,-0.03485337272286415,0.3777404643689057,-5963.740234375
15,tcn,wf,1.0,0.0,in_scope,721475,671146,377503,371492,0.5232378114279774,0.0159230522671343,0.003936823457479477,-0.0025043513160198927,-0.002850715070962906,-0.009482644498348236,0.43326101235019865,-930.3464965820312
15,tcn,wf,1.0,0.005,in_scope,721475,671146,229972,226698,0.3187525555286046,0.014236515749743448,0.005008019041270018,-0.006973603740334511,-0.007355750538408756,-0.014605452306568623,0.37473202233808856,-1580.9019775390625
15,tcn,wf,1.0,0.01,in_scope,721475,671146,151808,149781,0.2104133892373263,0.01335239249578415,0.0058438582345843315,-0.01172161940485239,-0.012022419832646847,-0.020027613267302513,0.3439822140324874,-1755.6759033203125
15,tcn,wf,1.5,0.0,in_scope,721475,671146,284187,279833,0.39389722443605113,0.015320897859508,0.004499016795307398,-0.002051532967016101,-0.002552516059949994,-0.009257026016712189,0.4452834369070124,-574.0866088867188
15,tcn,wf,1.5,0.005,in_scope,721475,671146,179000,176464,0.24810284486641948,0.01416759776536313,0.005439611151814461,-0.006661723367869854,-0.007097031455487013,-0.014528794214129448,0.3870251156043159,-1175.5543212890625
15,tcn,wf,1.5,0.01,in_scope,721475,671146,121543,119908,0.16846460376312417,0.013452029322955661,0.0061882613226771355,-0.01149066537618637,-0.011825453490018845,-0.02003367431461811,0.3536711478800414,-1377.82275390625
15,tcn,wf,2.0,0.0,in_scope,721475,671146,217381,214091,0.3013008073737829,0.015134717385604077,0.004969467408955097,-0.0017085341969504952,-0.0022693572100251913,-0.009156557731330395,0.4546104226707335,-365.78179931640625
15,tcn,wf,2.0,0.005,in_scope,721475,671146,141953,139926,0.1967538722755466,0.014279374159052644,0.0058376118540763855,-0.006390279624611139,-0.00693462835624814,-0.014496207237243652,0.3960593456541315,-894.166259765625
15,tcn,wf,2.0,0.01,in_scope,721475,671146,98958,97660,0.1371606777781628,0.013116675761434144,0.006557893939316273,-0.011258252896368504,-0.011636554263532162,-0.020046601071953773,0.3633831660864223,-1099.48095703125
15,tcn,wf,1.0,0.0,out_of_scope,1256198,1256166,681630,681297,0.542613505195837,0.0004885348356146297,0.005124970804899931,-0.007983622141182423,-0.005862805061042309,-0.02400358021259308,0.4417031045197616,-5439.2177734375
15,tcn,wf,1.0,0.005,out_of_scope,1256198,1256166,534957,534672,0.4258540453017757,0.0005327530997818516,0.0056510185822844505,-0.013106780126690865,-0.0108740059658885,-0.029913999140262604,0.40275907472244665,-7007.828125
15,tcn,wf,1.0,0.01,out_of_scope,1256198,1256166,427496,427239,0.34030940982233693,0.0006011752156745326,0.006139001343399286,-0.018244611099362373,-0.015888171270489693,-0.03582575172185898,0.3705186090221164,-7794.80908203125
15,tcn,wf,1.5,0.0,out_of_scope,1256198,1256166,527526,527242,0.4199385765619751,0.0005383620902097716,0.005624255631119013,-0.0073098717257380486,-0.005365746095776558,-0.023399503901600838,0.44691052685484084,-3854.0712890625
15,tcn,wf,1.5,0.005,out_of_scope,1256198,1256166,417408,417157,0.3322788286559921,0.0006013301134621282,0.006235624197870493,-0.012370427139103413,-0.010224195197224617,-0.029300326481461525,0.4089851063268745,-5160.41015625
15,tcn,wf,1.5,0.01,out_of_scope,1256198,1256166,335958,335734,0.2674403238979842,0.0006667500104179689,0.006775534711778164,-0.017475880682468414,-0.015168935060501099,-0.03524085506796837,0.377322523188,-5867.2470703125
15,tcn,wf,2.0,0.0,out_of_scope,1256198,1256166,414290,414048,0.32979673586488756,0.0005841318882908108,0.006162079982459545,-0.0066825286485254765,-0.004768419079482555,-0.022938191890716553,0.45310447097921014,-2766.8876953125
15,tcn,wf,2.0,0.005,out_of_scope,1256198,1256166,330237,330030,0.2628861055343186,0.0006268225547107078,0.00672678230330348,-0.011800093576312065,-0.009662892669439316,-0.028937852010130882,0.4147471441990122,-3894.384765625
15,tcn,wf,2.0,0.01,out_of_scope,1256198,1256166,267855,267664,0.213226736549493,0.0007130723712456366,0.0072908587753772736,-0.01690445840358734,-0.014543271623551846,-0.03492759168148041,0.38311465120449517,-4524.71484375
30,ridge,raw,1.0,0.0,in_scope,691678,644590,543251,530985,0.7854102631571338,0.022578881585123636,0.007176275365054607,0.0008716910379007459,-0.00040416885167360306,-0.005903462879359722,0.49304970950215166,462.8548583984375
30,ridge,raw,1.0,0.005,in_scope,691678,644590,453235,444854,0.655268781138044,0.01849151102628879,0.008111258037388325,-0.0033581785392016172,-0.0046087875962257385,-0.010352877900004387,0.4322474339895786,-1493.899169921875
30,ridge,raw,1.0,0.01,in_scope,691678,644590,377772,371941,0.5461674362926101,0.015435236068316338,0.009035955183207989,-0.0076157571747899055,-0.008753474801778793,-0.014854256995022297,0.39377481912453854,-2832.6123046875
30,ridge,raw,1.5,0.0,in_scope,691678,644590,493285,483088,0.713171446829305,0.02067161985464792,0.007678035646677017,0.001344624673947692,3.8915080949664116e-05,-0.0055015296675264835,0.5006727552744014,649.572021484375
30,ridge,raw,1.5,0.005,in_scope,691678,644590,409545,402579,0.5921035510743439,0.0170091198769366,0.008640424348413944,-0.0028619880322366953,-0.004180331248790026,-0.009940549731254578,0.4422212783081085,-1152.17626953125
30,ridge,raw,1.5,0.01,in_scope,691678,644590,342392,337548,0.49501646720005554,0.014147526811374097,0.009595087729394436,-0.0070876190438866615,-0.008263755589723587,-0.014409244060516357,0.40463874767440483,-2392.41162109375
30,ridge,raw,2.0,0.0,in_scope,691678,644590,445369,436978,0.6438964373595806,0.018840556931443365,0.008207743056118488,0.0018444822635501623,0.0004388901870697737,-0.00507927592843771,0.5068310075106756,805.9981689453125
30,ridge,raw,2.0,0.005,in_scope,691678,644590,370369,364543,0.5354644791362455,0.01573025820195535,0.009201214648783207,-0.002331951167434454,-0.00369318388402462,-0.009491133503615856,0.4516833405112703,-850.0964965820312
30,ridge,raw,2.0,0.01,in_scope,691678,644590,310752,306778,0.44927263842423787,0.012788332818453301,0.010156583040952682,-0.0065477765165269375,-0.007698560133576393,-0.013947426341474056,0.41449843209095827,-2008.7137451171875
30,ridge,raw,1.0,0.0,out_of_scope,1203397,1203383,1096496,1095865,0.9111673038905698,0.0005754694955567554,0.006367816589772701,-0.007096176967024803,-0.0036415643990039825,-0.023750049993395805,0.47514794249291653,-7776.4521484375
30,ridge,raw,1.0,0.005,out_of_scope,1203397,1203383,1048210,1047615,0.8710425570281461,0.0005676343480791062,0.00657898373901844,-0.01199889462441206,-0.00839143805205822,-0.02881699986755848,0.44496212826276826,-12570.2216796875
30,ridge,raw,1.0,0.01,out_of_scope,1203397,1203383,1001587,1001020,0.8322997315100503,0.0005661015967659324,0.00679261889308691,-0.01689707115292549,-0.013149093836545944,-0.03386427089571953,0.41691974186329944,-16914.306640625
30,ridge,raw,1.5,0.0,out_of_scope,1203397,1203383,1043118,1042528,0.8668112019557968,0.0005656119441903984,0.006556401960551739,-0.006839098874479532,-0.0033287573605775833,-0.02348516136407852,0.47746151662113634,-7129.9521484375
30,ridge,raw,1.5,0.005,out_of_scope,1203397,1203383,996076,995512,0.8277201954134836,0.0005662218545572828,0.006796333007514477,-0.011707296594977379,-0.008057983592152596,-0.028504973277449608,0.4474471427767822,-11654.75390625
30,ridge,raw,1.5,0.01,out_of_scope,1203397,1203383,950233,949701,0.7896255350478687,0.0005598626863095683,0.00699021527543664,-0.01661868765950203,-0.01283579133450985,-0.033569589257240295,0.41927933107367477,-15782.78515625
30,ridge,raw,2.0,0.0,out_of_scope,1203397,1203383,990763,990202,0.8233051935479314,0.000566230268994704,0.006747014354914427,-0.006572773214429617,-0.0030060438439249992,-0.023209471255540848,0.4798010910905048,-6508.373046875
30,ridge,raw,2.0,0.005,out_of_scope,1203397,1203383,944234,943706,0.7846404802405191,0.0005591834227532582,0.006981940940022469,-0.011445121839642525,-0.007736031897366047,-0.028238758444786072,0.4497502400111899,-10800.830078125
30,ridge,raw,2.0,0.01,out_of_scope,1203397,1203383,899167,898676,0.747190661103526,0.0005460609653156755,0.007151203695684671,-0.016377875581383705,-0.012531934306025505,-0.03332388028502464,0.4215456961129484,-14718.404296875
30,ridge,wf,1.0,0.0,in_scope,691678,644590,499488,489071,0.7221394926540963,0.020855355884425653,0.00759662501513958,0.001271654386073351,-4.2677391320466995e-05,-0.005560635589063168,0.4992567541318132,621.9292602539062
30,ridge,wf,1.0,0.005,in_scope,691678,644590,383644,377559,0.5546569357417758,0.015861058689827026,0.008937840349972248,-0.002630191622301936,-0.003890384454280138,-0.009792755357921124,0.4483643615964657,-993.0525512695312
30,ridge,wf,1.0,0.01,in_scope,691678,644590,299518,295949,0.43303097684182523,0.011915811403655207,0.01031256839632988,-0.006509704515337944,-0.007486517541110516,-0.014020508155226707,0.41988991346481996,-1926.54052734375
30,ridge,wf,1.5,0.0,in_scope,691678,644590,431975,424057,0.6245319353803359,0.018329764453961457,0.008335022255778313,0.001970205921679735,0.0005286266095936298,-0.004968507215380669,0.5081132960899124,835.4796142578125
30,ridge,wf,1.5,0.005,in_scope,691678,644590,332790,328196,0.4811342850285827,0.013804501337179602,0.009753672406077385,-0.0018504747422412038,-0.0031678443774580956,-0.009128015488386154,0.4612061085448939,-607.3184204101562
30,ridge,wf,1.5,0.01,in_scope,691678,644590,261869,259100,0.378599579573154,0.010573989284718695,0.011004382744431496,-0.005840831436216831,-0.006701905280351639,-0.013456404209136963,0.4319451949054419,-1513.359375
30,ridge,wf,2.0,0.0,in_scope,691678,644590,373225,367130,0.53959356810539,0.016330631656507468,0.009157841093838215,0.00275659398175776,0.001202545827254653,-0.00429491326212883,0.5168877509329121,1012.0283203125
30,ridge,wf,2.0,0.005,in_scope,691678,644590,289799,286232,0.41897964081552397,0.01230853108533846,0.010557139292359352,-0.0010733737144619226,-0.0023710355162620544,-0.008460266515612602,0.47287515022778726,-307.2339172363281
30,ridge,wf,2.0,0.01,in_scope,691678,644590,229479,227285,0.331771431215103,0.009560787697349213,0.011759868822991848,-0.005098656285554171,-0.005867920815944672,-0.012813573703169823,0.4430340761598874,-1158.84814453125
30,ridge,wf,1.0,0.0,out_of_scope,1203397,1203383,1048534,1047946,0.8713117948607151,0.0005607829598277213,0.006501086987555027,-0.006900486070662737,-0.0033763358369469643,-0.023541003465652466,0.47709328534103856,-7231.3369140625
30,ridge,wf,1.0,0.005,out_of_scope,1203397,1203383,980038,979488,0.8143929227013197,0.0005612027288737784,0.006800683215260506,-0.011763102374970913,-0.008030015975236893,-0.02863217517733574,0.4481371900421445,-11521.8173828125
30,ridge,wf,1.0,0.01,out_of_scope,1203397,1203383,914911,914411,0.7602736254120627,0.0005465012443833335,0.0070892563089728355,-0.016631662845611572,-0.012700797989964485,-0.03372999653220177,0.42149864776342366,-15208.1748046875
30,ridge,wf,1.5,0.0,out_of_scope,1203397,1203383,972416,971878,0.8080591857882311,0.000553261155719363,0.006760214455425739,-0.006534607149660587,-0.002927337074652314,-0.02316203899681568,0.4804172951749088,-6350.8408203125
30,ridge,wf,1.5,0.005,out_of_scope,1203397,1203383,905959,905476,0.7528346838158978,0.0005331367092771307,0.007040792610496283,-0.011406459845602512,-0.007571711204946041,-0.028253691270947456,0.451478559343373,-10328.275390625
30,ridge,wf,1.5,0.01,out_of_scope,1203397,1203383,842839,842392,0.700383165322832,0.0005303503990679121,0.007268797606229782,-0.016326310113072395,-0.012274072505533695,-0.0333900973200798,0.4246312880464202,-13753.15234375
30,ridge,wf,2.0,0.0,out_of_scope,1203397,1203383,897475,896992,0.7457846413112215,0.0005381765508788546,0.006971181835979223,-0.006196098402142525,-0.0024672532454133034,-0.022786157205700874,0.4837099996432521,-5557.8505859375
30,ridge,wf,2.0,0.005,out_of_scope,1203397,1203383,832951,832514,0.6921664255436901,0.0005246407051555254,0.007245615124702454,-0.011065144091844559,-0.007113362662494183,-0.027877764776349068,0.45469505617923545,-9211.8876953125
30,ridge,wf,2.0,0.01,out_of_scope,1203397,1203383,771705,771302,0.6412721653785076,0.0005222202784742875,0.007472689263522625,-0.015971997752785683,-0.011802061460912228,-0.03300190344452858,0.42795040075093804,-12319.234375
30,lgbm,raw,1.0,0.0,in_scope,691678,644590,466962,454580,0.6751147210118003,0.026516076254598876,0.007284270133823156,0.0010170567547902465,-0.0004062647931277752,-0.005778787191957235,0.4930331294821594,462.33367919921875
30,lgbm,raw,1.0,0.005,in_scope,691678,644590,343224,334400,0.49621933905661303,0.025709157867748175,0.008878921158611774,-0.0026002496015280485,-0.004295618273317814,-0.009672004729509354,0.43641447368421055,-869.5234985351562
30,lgbm,raw,1.0,0.01,in_scope,691678,644590,254001,247885,0.36722434427580464,0.024078645359663937,0.010367444716393948,-0.006345667410641909,-0.00836796872317791,-0.013704522512853146,0.39834197309236136,-1572.9957275390625
30,lgbm,raw,1.5,0.0,in_scope,691678,644590,392745,382310,0.5678147924323168,0.02656940253854282,0.008084094151854515,0.0018317459616810083,0.0002412833273410797,-0.0050187017768621445,0.5039705997750517,700.2947998046875
30,lgbm,raw,1.5,0.005,in_scope,691678,644590,287866,280482,0.4161849878122479,0.025650823647113588,0.009602501057088375,-0.0018609623657539487,-0.0038476502522826195,-0.008984716609120369,0.44613914618406886,-521.9664306640625
30,lgbm,raw,1.5,0.01,in_scope,691678,644590,214711,209595,0.3104204557612068,0.023827377265254225,0.01111952681094408,-0.00556491082534194,-0.007823964580893517,-0.012945168651640415,0.4090651017438393,-1166.37744140625
30,lgbm,raw,2.0,0.0,in_scope,691678,644590,329501,320669,0.4763791822206287,0.026804167513907393,0.008805505931377411,0.0025675783399492502,0.0007164618000388145,-0.0043319035321474075,0.5113185247092796,823.3427734375
30,lgbm,raw,2.0,0.005,in_scope,691678,644590,242561,236451,0.3506848562481386,0.025189539950775268,0.010350211523473263,-0.001094357343390584,-0.0033263186924159527,-0.008255946449935436,0.4558830370774494,-258.76190185546875
30,lgbm,raw,2.0,0.01,in_scope,691678,644590,182947,178630,0.2644973528144599,0.023596998037683045,0.01174442283809185,-0.004916634410619736,-0.007358150091022253,-0.012331318110227585,0.41800929295191175,-878.2584228515625
30,lgbm,raw,1.0,0.0,out_of_scope,1203397,1203383,907851,907280,0.7544068998011463,0.0006289578355919639,0.007577450480312109,-0.005772678647190332,-0.0031790381763130426,-0.022499393671751022,0.47838263821532495,-5237.43603515625
30,lgbm,raw,1.0,0.005,out_of_scope,1203397,1203383,789740,789228,0.6562589070772156,0.0006483146351963937,0.008179107680916786,-0.01049328874796629,-0.007665929384529591,-0.027627933770418167,0.4509685414100868,-8281.59765625
30,lgbm,raw,1.0,0.01,out_of_scope,1203397,1203383,687064,686596,0.5709371055437233,0.0006811592515398857,0.008664864115417004,-0.015332136303186417,-0.01226561889052391,-0.03285852074623108,0.42584722311228146,-10526.9833984375
30,lgbm,raw,1.5,0.0,out_of_scope,1203397,1203383,776886,776377,0.645577477756717,0.0006551797818470148,0.007951756939291954,-0.005237440578639507,-0.002560876775532961,-0.0219554603099823,0.48281054178575616,-4066.228271484375
30,lgbm,raw,1.5,0.005,out_of_scope,1203397,1203383,672663,672204,0.5589701486708044,0.0006823624905784917,0.00848010927438736,-0.01002776250243187,-0.007150782272219658,-0.027153657749295235,0.4545807522716318,-6740.7021484375
30,lgbm,raw,1.5,0.01,out_of_scope,1203397,1203383,584218,583809,0.4854740372462288,0.0007000811340972035,0.008890505880117416,-0.014928395859897137,-0.011832634918391705,-0.032425154000520706,0.428907399509086,-8715.33203125
30,lgbm,raw,2.0,0.0,out_of_scope,1203397,1203383,662257,661808,0.5503229607519381,0.0006779845286648537,0.008189883083105087,-0.004833108279854059,-0.0021366113796830177,-0.02152688428759575,0.4857617314991659,-3198.58984375
30,lgbm,raw,2.0,0.005,out_of_scope,1203397,1203383,572585,572184,0.4758072356836522,0.0007003327016949449,0.008608022704720497,-0.00973180215805769,-0.006808946840465069,-0.0268207099288702,0.45694741551668694,-5568.38134765625
30,lgbm,raw,2.0,0.01,out_of_scope,1203397,1203383,497580,497215,0.4134795084249005,0.000733550383857872,0.008845461532473564,-0.014787512831389904,-0.011650074273347855,-0.032254401594400406,0.4303128425329083,-7352.5732421875
30,lgbm,wf,1.0,0.0,in_scope,691678,644590,413185,402160,0.5973661154467831,0.0266829628374699,0.0077895065769553185,0.0015376044902950525,6.662681698799133e-06,-0.005290162283927202,0.5001218420529142,618.363037109375
30,lgbm,wf,1.0,0.005,in_scope,691678,644590,274061,267175,0.3962262787019393,0.025125793162836012,0.009775069542229176,-0.0017557243118062615,-0.003737024962902069,-0.008934726938605309,0.4487882474033873,-469.08563232421875
30,lgbm,wf,1.0,0.01,in_scope,691678,644590,189015,184692,0.2732702211144492,0.022871200698357273,0.011372972279787064,-0.005454014055430889,-0.007566882763057947,-0.012977133505046368,0.41566499902540444,-1007.3128051757812
30,lgbm,wf,1.5,0.0,in_scope,691678,644590,326902,318114,0.47262165342832935,0.026882674318297228,0.00873807817697525,0.002508205361664295,0.000675443559885025,-0.0043790582567453384,0.5107571499525327,797.895263671875
30,lgbm,wf,1.5,0.005,in_scope,691678,644590,219537,214068,0.31739769083301766,0.024911518331761844,0.010514647699892521,-0.0009944516932591796,-0.0031779464334249496,-0.008223719894886017,0.45944746529140273,-212.8802947998047
30,lgbm,wf,1.5,0.01,in_scope,691678,644590,154782,151316,0.22377753810299011,0.022392784690726312,0.011914493516087532,-0.004883894231170416,-0.007120804861187935,-0.012449583038687706,0.42548045150545877,-739.0113525390625
30,lgbm,wf,2.0,0.0,in_scope,691678,644590,260308,253415,0.37634274908266563,0.026480169645189545,0.009639207273721695,0.0034106490202248096,0.0012442385777831078,-0.003547660307958722,0.5186157094094667,864.3096313476562
30,lgbm,wf,2.0,0.005,in_scope,691678,644590,178731,174414,0.2584020310028655,0.0241536163284489,0.011294969357550144,-0.00021027123148087412,-0.0025361706502735615,-0.007499766070395708,0.46937745823156396,-36.67424774169922
30,lgbm,wf,2.0,0.01,in_scope,691678,644590,128328,125560,0.18553141779845536,0.021569727573093948,0.012477739714086056,-0.004312439821660519,-0.0065544117242097855,-0.011939112097024918,0.43504300732717427,-541.469970703125
30,lgbm,wf,1.0,0.0,out_of_scope,1203397,1203383,808570,808046,0.6719062786428751,0.0006480576820807104,0.007699576672166586,-0.005519162863492966,-0.002724801655858755,-0.022212332114577293,0.4816136705088572,-4459.7373046875
30,lgbm,wf,1.0,0.005,out_of_scope,1203397,1203383,665335,664884,0.5528807201613433,0.00067785401339175,0.008258954621851444,-0.010399652644991875,-0.007206969894468784,-0.02763342671096325,0.4546176475896547,-6914.5625
30,lgbm,wf,1.0,0.01,out_of_scope,1203397,1203383,552030,551637,0.4587264219538523,0.0007119178305526873,0.008560584858059883,-0.015505947172641754,-0.011908836662769318,-0.033255599439144135,0.42982069730638084,-8553.654296875
30,lgbm,wf,1.5,0.0,out_of_scope,1203397,1203383,651015,650563,0.5409810727465666,0.0006943004385459628,0.007782560307532549,-0.005222889594733715,-0.0022188180591911077,-0.021896062418818474,0.485158239863011,-3397.81884765625
30,lgbm,wf,1.5,0.005,out_of_scope,1203397,1203383,535693,535310,0.4451506859332373,0.0007149617411465149,0.008133778348565102,-0.010302921757102013,-0.006896845065057278,-0.027523111552000046,0.45686424688498256,-5515.2568359375
30,lgbm,wf,1.5,0.01,out_of_scope,1203397,1203383,446415,446087,0.3709623673650508,0.0007347423361670195,0.008195030502974987,-0.01562557928264141,-0.01184830255806446,-0.033287402242422104,0.43057968512868566,-6970.36767578125
30,lgbm,wf,2.0,0.0,out_of_scope,1203397,1203383,526335,525961,0.43737436606539654,0.0007105740640466623,0.007665681652724743,-0.005143917631357908,-0.001994580263271928,-0.021754257380962372,0.4867775367375148,-2705.5
30,lgbm,wf,2.0,0.005,out_of_scope,1203397,1203383,435073,434755,0.3615373812632074,0.0007309118239927552,0.007831684313714504,-0.010390705429017544,-0.006807807832956314,-0.027506506070494652,0.45742544651585376,-4517.4111328125
30,lgbm,wf,2.0,0.01,out_of_scope,1203397,1203383,365758,365481,0.3039379356937071,0.0007573313502370419,0.007745994254946709,-0.015837911516427994,-0.011796802282333374,-0.03336779773235321,0.43095263502069875,-5788.4560546875
30,tcn,raw,1.0,0.0,in_scope,691678,644590,468118,457307,0.6767860189278826,0.02309460435189418,0.008830836042761803,0.0024896918330341578,0.0005695819854736328,-0.004398984834551811,0.5095242364538483,1138.553466796875
30,tcn,raw,1.0,0.005,in_scope,691678,644590,341122,334637,0.49318035270747373,0.01901079379225028,0.010898205451667309,-0.0007221627747640014,-0.002757093869149685,-0.007992607541382313,0.46176603304476194,-241.66238403320312
30,tcn,raw,1.0,0.01,in_scope,691678,644590,251373,247405,0.363424888459659,0.01578530709344281,0.012954337522387505,-0.003976988606154919,-0.006055220030248165,-0.01166339311748743,0.4329500212202664,-983.9268798828125
30,tcn,raw,1.5,0.0,in_scope,691678,644590,392889,384540,0.5680229817921055,0.0212502767957362,0.009944304823875427,0.00356742599979043,0.001479119760915637,-0.0034508162643760443,0.523027513392625,1371.8179931640625
30,tcn,raw,1.5,0.005,in_scope,691678,644590,285498,280471,0.4127614294512765,0.017607829126648874,0.012029028497636318,0.00037128227995708585,-0.0018474636599421501,-0.00703848572447896,0.47615974557084334,104.1339111328125
30,tcn,raw,1.5,0.01,in_scope,691678,644590,212262,209087,0.30687979088535416,0.014957929351461872,0.01414517406374216,-0.00281125889159739,-0.00507193710654974,-0.010623748414218426,0.447239665785056,-587.7976684570312
30,tcn,raw,2.0,0.0,in_scope,691678,644590,328346,321849,0.4747093300639893,0.01978705390045866,0.011058105155825615,0.00464901328086853,0.0023229001089930534,-0.0024946469347923994,0.5336104819340747,1496.2802734375
30,tcn,raw,2.0,0.005,in_scope,691678,644590,240153,236186,0.347203467509448,0.016518636036193593,0.013202945701777935,0.0015157797606661916,-0.0009078849107027054,-0.006021732464432716,0.48901713056658735,358.0059509277344
30,tcn,raw,2.0,0.01,in_scope,691678,644590,180368,177801,0.2607687392110202,0.014232014548035129,0.015230503864586353,-0.0017446543788537383,-0.004090369679033756,-0.009671774692833424,0.4600817768179032,-310.2012939453125
30,tcn,raw,1.0,0.0,out_of_scope,1203397,1203383,918340,917747,0.7631230591400843,0.0006457303395256659,0.010562390089035034,-0.0027229103725403547,-0.0018589422106742859,-0.019521526992321014,0.48764419823764066,-2498.94287109375
30,tcn,raw,1.0,0.005,out_of_scope,1203397,1203383,798283,797761,0.6633579774588103,0.0006539034402586551,0.011522729881107807,-0.007067598402500153,-0.006032016593962908,-0.02432732842862606,0.46238033696808944,-5638.25439453125
30,tcn,raw,1.0,0.01,out_of_scope,1203397,1203383,685802,685337,0.5698884075662479,0.0006780382676049356,0.012502593919634819,-0.011411567218601704,-0.010135921649634838,-0.029144011437892914,0.4410822704742338,-7820.76953125
30,tcn,raw,1.5,0.0,out_of_scope,1203397,1203383,782874,782363,0.6505533917734546,0.0006527231712893773,0.011331453919410706,-0.0017622436862438917,-0.000971602275967598,-0.01859445497393608,0.49358673659158214,-1378.7142333984375
30,tcn,raw,1.5,0.005,out_of_scope,1203397,1203383,668201,667752,0.5552623116062281,0.0006719534990220009,0.012426753528416157,-0.005970794707536697,-0.005050601437687874,-0.023265060037374496,0.4690334136026549,-3987.01025390625
30,tcn,raw,1.5,0.01,out_of_scope,1203397,1203383,569548,569143,0.47328354649380044,0.000711090197841095,0.013625347055494785,-0.010107931680977345,-0.008912327699363232,-0.027867158874869347,0.4487097267294863,-5752.8583984375
30,tcn,raw,2.0,0.0,out_of_scope,1203397,1203383,655813,655364,0.5449681194152886,0.0006846463854787874,0.012259022332727909,-0.000627395580522716,-1.0572373867034912e-05,-0.017448291182518005,0.49993133586831134,-411.1724853515625
30,tcn,raw,2.0,0.005,out_of_scope,1203397,1203383,557319,556919,0.46312148027625133,0.0007177218074388277,0.013592258095741272,-0.004629682283848524,-0.0038112588226795197,-0.021940169855952263,0.47685570073924577,-2578.358154296875
30,tcn,raw,2.0,0.01,out_of_scope,1203397,1203383,476360,476008,0.39584609235356244,0.0007389369384499118,0.01490948535501957,-0.00865927617996931,-0.007484752684831619,-0.026481488719582558,0.45741037965748477,-4121.884765625
30,tcn,wf,1.0,0.0,in_scope,691678,644590,443136,433135,0.6406680565234112,0.0225686922299249,0.009202315472066402,0.00286407140083611,0.0008510928601026535,-0.004051186144351959,0.5138859708866751,1240.529541015625
30,tcn,wf,1.0,0.005,in_scope,691678,644590,304697,299261,0.44051856499700726,0.01784067450614873,0.011632184498012066,-3.092813494731672e-05,-0.002263914328068495,-0.007397540844976902,0.4702584031998824,-9.255584716796875
30,tcn,wf,1.0,0.01,in_scope,691678,644590,215089,211989,0.3109669528306524,0.014412638489183548,0.014020830392837524,-0.0030008547473698854,-0.005237463861703873,-0.010838005691766739,0.4456127440574747,-636.148193359375
30,tcn,wf,1.5,0.0,in_scope,691678,644590,359395,352044,0.5195987150090071,0.020453818222290237,0.010492884553968906,0.004119774792343378,0.0018703858368098736,-0.0029401236679404974,0.5281016009362466,1450.342041015625
30,tcn,wf,1.5,0.005,in_scope,691678,644590,247909,243837,0.35841677774918385,0.016425381894162778,0.012982825748622417,0.0012806234881281853,-0.0011729411780834198,-0.006235011853277683,0.48591887203336653,312.2633972167969
30,tcn,wf,1.5,0.01,in_scope,691678,644590,177768,175361,0.2570097646592779,0.013540119706583862,0.015304528176784515,-0.0017292199190706015,-0.0041128043085336685,-0.009694474749267101,0.4605470999823222,-303.23773193359375
30,tcn,wf,2.0,0.0,in_scope,691678,644590,291035,285584,0.42076659948704453,0.018729706049100625,0.011808592826128006,0.0054013365879654884,0.0028247334994375706,-0.0017995219677686691,0.5395085158832428,1542.5352783203125
30,tcn,wf,2.0,0.005,in_scope,691678,644590,203506,200415,0.29422072120264053,0.01518874136389099,0.014236310496926308,0.002510217484086752,-0.0001177443191409111,-0.005136091262102127,0.498690217798069,503.0852355957031
30,tcn,wf,2.0,0.01,in_scope,691678,644590,148098,146184,0.2141140819861265,0.012923874731596646,0.016568461433053017,-0.0004833695129491389,-0.002845785580575466,-0.008568146266043186,0.47466891041427245,-70.660888671875
30,tcn,wf,1.0,0.0,out_of_scope,1203397,1203383,864648,864098,0.7185060291823895,0.0006360970013230818,0.010729514993727207,-0.0024396157823503017,-0.001664056209847331,-0.019183380529284477,0.4889896747822585,-2108.067138671875
30,tcn,wf,1.0,0.005,out_of_scope,1203397,1203383,721767,721287,0.5997746379623682,0.0006650345610148428,0.011935475282371044,-0.006576052401214838,-0.005683356896042824,-0.023827005177736282,0.4648496368297224,-4743.22119140625
30,tcn,wf,1.0,0.01,out_of_scope,1203397,1203383,601706,601296,0.5000062323572354,0.0006813958976643078,0.013272176496684551,-0.010616489686071873,-0.0095024723559618,-0.028348661959171295,0.44542122349059365,-6383.65283203125
30,tcn,wf,1.5,0.0,out_of_scope,1203397,1203383,705615,705145,0.5863526334202263,0.0006660856132593553,0.01173182763159275,-0.0011835156474262476,-0.00062217703089118,-0.017891043797135353,0.495903679385091,-834.5501098632812
30,tcn,wf,1.5,0.005,out_of_scope,1203397,1203383,586565,586164,0.4874243495704244,0.0006836411991850861,0.013037340715527534,-0.005261062644422054,-0.004486045800149441,-0.022491350769996643,0.4727004729051938,-3083.845458984375
30,tcn,wf,1.5,0.01,out_of_scope,1203397,1203383,494415,494067,0.4108494536715647,0.0007038621401049725,0.014367908239364624,-0.009303020313382149,-0.008117727003991604,-0.027066227048635483,0.45372995970182184,-4596.3154296875
30,tcn,wf,2.0,0.0,out_of_scope,1203397,1203383,577803,577404,0.48014329435755615,0.0006905467780541119,0.012831475585699081,0.0001158120867330581,0.0005512961652129889,-0.016578825190663338,0.5035555694106726,66.870361328125
30,tcn,wf,2.0,0.005,out_of_scope,1203397,1203383,484435,484099,0.4025562636436687,0.0006935915035040821,0.014177555218338966,-0.003928409423679113,-0.0031296387314796448,-0.021198594942688942,0.48115571401717416,-1901.7391357421875
30,tcn,wf,2.0,0.01,out_of_scope,1203397,1203383,409547,409252,0.3403257611577892,0.0007203080476721841,0.015436564572155476,-0.008033913560211658,-0.0067068226635456085,-0.025842927396297455,0.46223353826004515,-3287.89501953125
60,ridge,raw,1.0,0.0,in_scope,630908,589900,535600,517685,0.8489351854787068,0.03344846900672143,0.014590402133762836,0.00828620232641697,0.005027091130614281,0.0014991312054917216,0.5582255618764307,4289.642578125
60,ridge,raw,1.0,0.005,in_scope,630908,589900,485430,471423,0.7694148750689482,0.028854829738582288,0.0158146470785141,0.004430329892784357,0.0014892658218741417,-0.002464432967826724,0.5155879114934995,2088.559326171875
60,ridge,raw,1.0,0.01,in_scope,630908,589900,433558,423238,0.6871968654700844,0.02380304365275234,0.017164435237646103,0.0006736784125678241,-0.001923494040966034,-0.006366615183651447,0.4812894872388585,285.1263122558594
60,ridge,raw,1.5,0.0,in_scope,630908,589900,508497,492505,0.8059764656653585,0.03144954640833673,0.015232842415571213,0.008920349180698395,0.005758354440331459,0.0021012502256780863,0.5648836052425864,4393.31640625
60,ridge,raw,1.5,0.005,in_scope,630908,589900,457467,445361,0.7250930405066983,0.02646311100035631,0.016529403626918793,0.005126812029629946,0.0023179128766059875,-0.0018165544606745243,0.5234854421469325,2283.2822265625
60,ridge,raw,1.5,0.01,in_scope,630908,589900,406276,397564,0.6439544275869065,0.021443550689678938,0.017947055399417877,0.0014289738610386848,-0.001108627300709486,-0.0056737810373306274,0.4896067048324295,568.1085815429688
60,ridge,raw,2.0,0.0,in_scope,630908,589900,481083,467075,0.7625248055183957,0.02911763666560656,0.015915628522634506,0.009589696303009987,0.006533513776957989,0.0027305097319185734,0.5710902959910079,4479.107421875
60,ridge,raw,2.0,0.005,in_scope,630908,589900,429239,418917,0.6803511763997286,0.024047209130577604,0.017307836562395096,0.0058813137002289295,0.0031454116106033325,-0.001120479078963399,0.530952432104689,2463.7822265625
60,ridge,raw,2.0,0.01,in_scope,630908,589900,380280,372885,0.6027503217584814,0.019446197538655726,0.01870713010430336,0.002163129625841975,-0.0002490505576133728,-0.005004147067666054,0.4976386821674243,806.5986328125
60,ridge,raw,1.0,0.0,out_of_scope,1097552,1097538,1042960,1041597,0.9502602154613176,0.001306857405844903,0.012702103704214096,-0.0008379306527785957,0.0020770886912941933,-0.018169187009334564,0.5100974753191494,-872.7860717773438
60,ridge,raw,1.0,0.005,out_of_scope,1097552,1097538,1017370,1016072,0.9269446914588102,0.0012758386820920608,0.012989304028451443,-0.005623928736895323,-0.0025178357027471066,-0.023067479953169823,0.4882488642537143,-5714.31640625
60,ridge,raw,1.0,0.01,out_of_scope,1097552,1097538,992296,991056,0.9040993046343134,0.001249627127389408,0.01328506600111723,-0.010404002852737904,-0.0070632691495120525,-0.02796306647360325,0.4674428084790365,-10310.94921875
60,ridge,raw,1.5,0.0,out_of_scope,1097552,1097538,1016038,1014728,0.9257310815341778,0.0012893218560723122,0.012965669855475426,-0.0005445170099847019,0.0024577523581683636,-0.017897484824061394,0.5119036825632091,-552.5366821289062
60,ridge,raw,1.5,0.005,out_of_scope,1097552,1097538,990495,989248,0.9024583801040862,0.0012589664763577807,0.013239489868283272,-0.005345610901713371,-0.0021093874238431454,-0.02281298115849495,0.49021681115352267,-5288.134765625
60,ridge,raw,1.5,0.01,out_of_scope,1097552,1097538,965427,964238,0.8796184599909617,0.001231579394402684,0.01352602243423462,-0.010133590549230576,-0.006672509014606476,-0.027715163305401802,0.4693810034452075,-9771.193359375
60,ridge,raw,2.0,0.0,out_of_scope,1097552,1097538,989054,987799,0.901145458256192,0.0012688892618603232,0.013207896612584591,-0.0002756162139121443,0.002822994254529476,-0.01764960028231144,0.5136146118795423,-272.25341796875
60,ridge,raw,2.0,0.005,out_of_scope,1097552,1097538,963736,962541,0.8780777585025584,0.0012399661318037306,0.013493222184479237,-0.00506691075861454,-0.001704273745417595,-0.02255421131849289,0.49216916474207334,-4877.109375
60,ridge,raw,2.0,0.01,out_of_scope,1097552,1097538,939270,938120,0.8557863317637797,0.0012243550842675696,0.013756098225712776,-0.009874698705971241,-0.006280185654759407,-0.027473293244838715,0.4712595403573104,-9263.65234375
60,ridge,wf,1.0,0.0,in_scope,630908,589900,506857,490910,0.8033770375395461,0.03146252296012485,0.01525292731821537,0.00894580502063036,0.005780939012765884,0.002128934022039175,0.5649589537797152,4391.5849609375
60,ridge,wf,1.0,0.005,in_scope,630908,589900,428192,418014,0.6786916634437985,0.02376971078394739,0.017247870564460754,0.00579294515773654,0.003157392144203186,-0.0012283622054383159,0.531020492136627,2421.5322265625
60,ridge,wf,1.0,0.01,in_scope,630908,589900,356997,350828,0.5658463674576959,0.017280257257063784,0.019283732399344444,0.0026456660125404596,0.0004918412305414677,-0.004631176125258207,0.5042499458424071,928.1737060546875
60,ridge,wf,1.5,0.0,in_scope,630908,589900,464458,451469,0.7361738954015482,0.027965930180985147,0.01630127802491188,0.009975573047995567,0.007039441727101803,0.003098876914009452,0.5748899702969639,4503.662109375
60,ridge,wf,1.5,0.005,in_scope,630908,589900,387406,379478,0.614045153968566,0.020464319086436453,0.018321195617318153,0.006829556077718735,0.0043511902913451195,-0.0002827138523571193,0.5402552980673452,2591.666259765625
60,ridge,wf,1.5,0.01,in_scope,630908,589900,324695,319922,0.5146471434820925,0.014699949183079505,0.02042325772345066,0.003749632276594639,0.0017903894186019897,-0.0036162722390145063,0.5145754277605167,1199.58984375
60,ridge,wf,2.0,0.0,in_scope,630908,589900,421665,411478,0.6683462565064954,0.024158988770706602,0.017366183921694756,0.011010631918907166,0.008245754055678844,0.0040549011901021,0.5828525461871594,4530.6328125
60,ridge,wf,2.0,0.005,in_scope,630908,589900,350841,344676,0.5560890018830004,0.017572062558252884,0.01943025551736355,0.007899629883468151,0.005603061057627201,0.0006945597706362605,0.5487501305573931,2722.812744140625
60,ridge,wf,2.0,0.01,in_scope,630908,589900,296341,292619,0.4697055672142373,0.012559855031872066,0.02145732007920742,0.004754833877086639,0.0030856532976031303,-0.0026920505333691835,0.5237219729409232,1391.354736328125
60,ridge,wf,1.0,0.0,out_of_scope,1097552,1097538,1013550,1012250,0.9234642185518317,0.0012826204923289427,0.012948816642165184,-0.0005599307478405535,0.002465119119733572,-0.017916876822710037,0.511948629291183,-566.7899169921875
60,ridge,wf,1.0,0.005,out_of_scope,1097552,1097538,974083,972880,0.8875051022639474,0.0012350076944161843,0.013366620987653732,-0.005259545054286718,-0.0018710982985794544,-0.02279948815703392,0.4914614340925911,-5116.90625
60,ridge,wf,1.0,0.01,out_of_scope,1097552,1097538,936228,935109,0.8530147090980655,0.0011952216767710429,0.01377047412097454,-0.009968630038201809,-0.006213794462382793,-0.027678731828927994,0.47186905483745745,-9321.755859375
60,ridge,wf,1.5,0.0,out_of_scope,1097552,1097538,971762,970550,0.8853903960814613,0.0012472189692537886,0.01327891182154417,-0.000188368750968948,0.00304063456133008,-0.017579151317477226,0.514531966410798,-182.8212890625
60,ridge,wf,1.5,0.005,out_of_scope,1097552,1097538,932635,931502,0.8497410601046693,0.0012148375302235065,0.013670315966010094,-0.004910577554255724,-0.0012858305126428604,-0.02247908152639866,0.4940955574974611,-4574.212890625
60,ridge,wf,1.5,0.01,out_of_scope,1097552,1097538,895417,894384,0.8158310494628045,0.0011536524323304115,0.014044324867427349,-0.009646113961935043,-0.005621014162898064,-0.027393238618969917,0.4746641263707759,-8627.330078125
60,ridge,wf,2.0,0.0,out_of_scope,1097552,1097538,929694,928555,0.8470614604137208,0.0012251342914980628,0.013547715730965137,0.0001251881185453385,0.0036170287057757378,-0.01730218529701233,0.5170313013230234,116.24404907226562
60,ridge,wf,2.0,0.005,out_of_scope,1097552,1097538,891524,890489,0.8122840649007974,0.0011609334128974654,0.013922441750764847,-0.004608032759279013,-0.0006853938102722168,-0.022212376818060875,0.49688429615638147,-4103.40234375
60,ridge,wf,2.0,0.01,out_of_scope,1097552,1097538,854889,853933,0.7789052363805997,0.0011182738343808378,0.014252549037337303,-0.009383386000990868,-0.005107349716126919,-0.027155645191669464,0.47715921506722425,-8012.783203125
60,lgbm,raw,1.0,0.0,in_scope,630908,589900,478575,460802,0.7585495825064827,0.03713733479600898,0.013556581921875477,0.007274100091308355,0.00418302696198225,0.0004536875057965517,0.546508044669945,3351.919921875
60,lgbm,raw,1.0,0.005,in_scope,630908,589900,394452,380453,0.6252131848066597,0.03548974273168852,0.015631668269634247,0.004220324568450451,0.0017205243930220604,-0.00278291804715991,0.5168154804929912,1605.6351318359375
60,lgbm,raw,1.0,0.01,in_scope,630908,589900,327037,315919,0.5183592536471244,0.03399615334044772,0.017827335745096207,0.0012867513578385115,-0.0007497109472751617,-0.005897906608879566,0.49280986582003616,406.50921630859375
60,lgbm,raw,1.5,0.0,in_scope,630908,589900,428953,413198,0.6798978614948614,0.036728965644254735,0.014592718333005905,0.0083218514919281,0.0054455227218568325,0.0014581087743863463,0.5576309662679877,3438.572265625
60,lgbm,raw,1.5,0.005,in_scope,630908,589900,354274,341786,0.5615303657585575,0.035249552606174885,0.016766661778092384,0.005373714026063681,0.003048395738005638,-0.0016680018743500113,0.5294745835113199,1836.6602783203125
60,lgbm,raw,1.5,0.01,in_scope,630908,589900,293111,283464,0.4645859618201069,0.03291244613815244,0.018957512453198433,0.0024358208756893873,0.00044000986963510513,-0.004791674669831991,0.5039617023678492,690.467529296875
60,lgbm,raw,2.0,0.0,in_scope,630908,589900,384619,370615,0.6096277111718349,0.03641005774545719,0.015687596052885056,0.009431129321455956,0.006768614053726196,0.002522519091144204,0.5684578336009066,3495.318115234375
60,lgbm,raw,2.0,0.005,in_scope,630908,589900,318084,306966,0.504168595104199,0.03495303127475761,0.0179666206240654,0.0065939296036958694,0.004343757405877113,-0.00048623510519973934,0.5413433409563274,2024.1121826171875
60,lgbm,raw,2.0,0.01,in_scope,630908,589900,262191,253847,0.4155772315456453,0.03182412821187607,0.02020932361483574,0.0037064701318740845,0.0015838248655200005,-0.003560525132343173,0.5138607113733863,940.8763427734375
60,lgbm,raw,1.0,0.0,out_of_scope,1097552,1097538,937163,935850,0.8538666049535694,0.0014010369594190126,0.009054530411958694,-0.004374019801616669,-0.0018944996409118176,-0.021751616150140762,0.49089811401399797,-4093.42626953125
60,lgbm,raw,1.0,0.005,out_of_scope,1097552,1097538,867209,865996,0.7901302170648862,0.0013987400961014012,0.009521063417196274,-0.009088062681257725,-0.006586115807294846,-0.026744524016976357,0.4696199520552058,-7870.2255859375
60,lgbm,raw,1.0,0.01,out_of_scope,1097552,1097538,800008,798887,0.7289021385774888,0.0014012359876401236,0.00993364304304123,-0.013865415938198566,-0.011353526264429092,-0.03183208778500557,0.449709408214178,-11076.900390625
60,lgbm,raw,1.5,0.0,out_of_scope,1097552,1097538,858841,857624,0.7825059769377669,0.0014170259687183075,0.009471220895648003,-0.0038258584681898355,-0.0014670584350824356,-0.021239234134554863,0.49303074540824415,-3281.14794921875
60,lgbm,raw,1.5,0.005,out_of_scope,1097552,1097538,791236,790111,0.7209098065513069,0.0014218261049800565,0.009914780966937542,-0.008563259616494179,-0.006223518401384354,-0.026275239884853363,0.4716476545700541,-6765.92578125
60,lgbm,raw,1.5,0.01,out_of_scope,1097552,1097538,727239,726183,0.6626009519366736,0.001452067339622875,0.010458575561642647,-0.01320629008114338,-0.010907798074185848,-0.031222714111208916,0.45225101661702355,-9590.18359375
60,lgbm,raw,2.0,0.0,out_of_scope,1097552,1097538,783563,782427,0.7139187938248028,0.0014497877005422665,0.00989832915365696,-0.0032751797698438168,-0.0011105388402938843,-0.020734380930662155,0.4949445762991308,-2562.589111328125
60,lgbm,raw,2.0,0.005,out_of_scope,1097552,1097538,718825,717766,0.6549348003557007,0.0014732375752095433,0.010450723581016064,-0.00790521688759327,-0.005752802826464176,-0.02566080167889595,0.47413363129487884,-5674.095703125
60,lgbm,raw,2.0,0.01,out_of_scope,1097552,1097538,659001,658023,0.6004280435004447,0.0014840645158353326,0.01093903835862875,-0.012603738345205784,-0.01049046777188778,-0.03066898137331009,0.4545449019259205,-8293.5498046875
60,lgbm,wf,1.0,0.0,in_scope,630908,589900,451490,434845,0.7156193930018323,0.03686681875567565,0.014134290628135204,0.007856938987970352,0.004841992631554604,0.0010137654608115554,0.5525624072945532,3416.55078125
60,lgbm,wf,1.0,0.005,in_scope,630908,589900,354494,342046,0.5618790695315323,0.03511483974340891,0.016861943528056145,0.0054258499294519424,0.0031204442493617535,-0.0016468242974951863,0.5302123106248867,1855.8902587890625
60,lgbm,wf,1.0,0.01,in_scope,630908,589900,278899,269943,0.4420596980859333,0.032111983191047654,0.019534578546881676,0.0029295366257429123,0.0010038446635007858,-0.00438471045345068,0.5088481642420807,790.8079223632812
60,lgbm,wf,1.5,0.0,in_scope,630908,589900,393111,378763,0.6230876768086631,0.03649859708835418,0.015505119226872921,0.009244699962437153,0.006517880596220493,0.0023423240054398775,0.5666472173892382,3501.55029296875
60,lgbm,wf,1.5,0.005,in_scope,630908,589900,309028,298382,0.4898146797948354,0.034449952755090156,0.018310917541384697,0.006900966167449951,0.004697973374277353,-0.00022367716883309186,0.5441950251690786,2059.1240234375
60,lgbm,wf,1.5,0.01,in_scope,630908,589900,242330,234867,0.38409720593176816,0.030796847274377915,0.02097982168197632,0.004399990662932396,0.0024216314777731895,-0.002966624917462468,0.5206308251052724,1033.41259765625
60,lgbm,wf,2.0,0.0,in_scope,630908,589900,343196,330739,0.5439715457721253,0.03629704308908029,0.01693168468773365,0.010691795498132706,0.008182362653315067,0.0037417691200971603,0.5800616195852318,3536.19384765625
60,lgbm,wf,2.0,0.005,in_scope,630908,589900,268875,259924,0.4261714861754804,0.03329056252905625,0.01966806873679161,0.00827845185995102,0.006118978373706341,0.001103451126255095,0.5557085917422016,2151.768310546875
60,lgbm,wf,2.0,0.01,in_scope,630908,589900,210600,204497,0.3338046117658993,0.028979107312440647,0.022543160244822502,0.005987222772091627,0.003847348503768444,-0.0014182154554873705,0.531235177044162,1224.369140625
60,lgbm,wf,1.0,0.0,out_of_scope,1097552,1097538,893444,892179,0.814033412539907,0.0014158693773756385,0.009324369952082634,-0.004027216695249081,-0.0016537979245185852,-0.02142198570072651,0.4921220965747905,-3592.998291015625
60,lgbm,wf,1.0,0.005,out_of_scope,1097552,1097538,805895,804748,0.7342658935521962,0.0014232623356640753,0.009890081360936165,-0.00869891606271267,-0.006314879283308983,-0.026478905230760574,0.47125187015065584,-7000.435546875
60,lgbm,wf,1.0,0.01,out_of_scope,1097552,1097538,724847,723803,0.660421556336283,0.0014403039537999054,0.010519677773118019,-0.013313678093254566,-0.010944748297333717,-0.03148387372493744,0.45257480281236745,-9636.48046875
60,lgbm,wf,1.5,0.0,out_of_scope,1097552,1097538,796393,795238,0.7256084449757279,0.0014502889904858532,0.009834126569330692,-0.0033648652024567127,-0.0011887140572071075,-0.020821625366806984,0.49452868197948285,-2675.86865234375
60,lgbm,wf,1.5,0.005,out_of_scope,1097552,1097538,713821,712771,0.6503755630712713,0.0014709570046272105,0.010423526167869568,-0.008015831001102924,-0.005835218355059624,-0.025863219052553177,0.4739797213971949,-5713.4521484375
60,lgbm,wf,1.5,0.01,out_of_scope,1097552,1097538,638481,637535,0.581731890607461,0.0014816415836963043,0.010883970186114311,-0.012799770571291447,-0.010533222928643227,-0.031039154157042503,0.4551059941807116,-8160.3017578125
60,lgbm,wf,2.0,0.0,out_of_scope,1097552,1097538,704875,703829,0.6422246964152951,0.0014839510551516227,0.010272986255586147,-0.0027825990691781044,-0.0007516974583268166,-0.020301897078752518,0.4965609544363759,-1958.473876953125
60,lgbm,wf,2.0,0.005,out_of_scope,1097552,1097538,628999,628058,0.5730926644022334,0.001496027815624508,0.01085000392049551,-0.0074399299919605255,-0.005379123147577047,-0.02534005232155323,0.4761264087074761,-4672.70751953125
60,lgbm,wf,2.0,0.01,out_of_scope,1097552,1097538,560235,559391,0.5104405076023733,0.0015065106607048827,0.011523613706231117,-0.012006133794784546,-0.009899596683681011,-0.030290840193629265,0.4582501327336335,-6716.123046875
60,tcn,raw,1.0,0.0,in_scope,630908,589900,484095,468354,0.767298877173851,0.03251634493229635,0.015765883028507233,0.009382590651512146,0.0057875290513038635,0.0024666369426995516,0.5622456517933017,4394.3740234375
60,tcn,raw,1.0,0.005,in_scope,630908,589900,404001,392559,0.6403485135709168,0.028321712074970112,0.018414387479424477,0.006854316685348749,0.004013530910015106,-0.00030067190527915955,0.5391826451565243,2690.7236328125
60,tcn,raw,1.0,0.01,in_scope,630908,589900,339699,331437,0.5384287407989754,0.024321531708954104,0.020960688591003418,0.0042218370363116264,0.0017092032358050346,-0.0031785431783646345,0.5157480908890679,1399.27294921875
60,tcn,raw,1.5,0.0,in_scope,630908,589900,437935,424581,0.6941344855351335,0.030493109708061697,0.01717136800289154,0.010748377069830894,0.007514283061027527,0.0037392321974039078,0.5757770602075929,4563.556640625
60,tcn,raw,1.5,0.005,in_scope,630908,589900,366720,357002,0.5812574892060333,0.02649978184991274,0.01983540505170822,0.008244911208748817,0.005480846390128136,0.0010003013303503394,0.5523638523033484,2943.44970703125
60,tcn,raw,1.5,0.01,in_scope,630908,589900,307544,300635,0.4874625143444052,0.02246507816767682,0.0222620852291584,0.005496622528880835,0.002877785824239254,-0.0019949038978666067,0.5257771051274802,1652.47705078125
60,tcn,raw,2.0,0.0,in_scope,630908,589900,396710,385263,0.6287921535311012,0.028854830984850394,0.0185853224247694,0.012135067023336887,0.009104331023991108,0.005039564333856106,0.5884603504618923,4675.1923828125
60,tcn,raw,2.0,0.005,in_scope,630908,589900,332388,324130,0.526840680416162,0.02484445888539899,0.02116655558347702,0.009555398486554623,0.006822492461651564,0.00222337176091969,0.5631228210903033,3097.19140625
60,tcn,raw,2.0,0.01,in_scope,630908,589900,277882,272157,0.4404477356444997,0.020602270028285387,0.02353173866868019,0.006744387559592724,0.004038588143885136,-0.0008402784005738795,0.5342945432232131,1835.5322265625
60,tcn,raw,1.0,0.0,out_of_scope,1097552,1097538,943288,942123,0.8594472061460414,0.0012350416839819864,0.012377379462122917,-0.0010322874877601862,-0.002026052214205265,-0.018409641459584236,0.49031283600973546,-972.5418090820312
60,tcn,raw,1.0,0.005,out_of_scope,1097552,1097538,879032,877992,0.8009023718238407,0.001183119613392914,0.013090920634567738,-0.005501388106495142,-0.0065372418612241745,-0.023160884156823158,0.47019790613126317,-4830.1748046875
60,tcn,raw,1.0,0.01,out_of_scope,1097552,1097538,818477,817542,0.7457295872997362,0.0011423656376416198,0.013872945681214333,-0.009898505173623562,-0.011008001863956451,-0.027840418741106987,0.45195720831467984,-8092.443359375
60,tcn,raw,1.5,0.0,out_of_scope,1097552,1097538,873133,872088,0.7955276834263889,0.0011968394276702405,0.012983682565391064,-0.0003116782463621348,-0.0014856616035103798,-0.01771521382033825,0.49296286613277557,-271.81085205078125
60,tcn,raw,1.5,0.005,out_of_scope,1097552,1097538,811379,810450,0.7392624677464029,0.001144964313841004,0.013794448226690292,-0.0046812728978693485,-0.005942328367382288,-0.02237270213663578,0.4733802208649516,-3793.937744140625
60,tcn,raw,1.5,0.01,out_of_scope,1097552,1097538,752806,751969,0.6858955202122542,0.0011118402350672018,0.014609595760703087,-0.009042549878358841,-0.010319420136511326,-0.027023211121559143,0.4555799507692471,-6799.71728515625
60,tcn,raw,2.0,0.0,out_of_scope,1097552,1097538,805588,804652,0.733986180153651,0.001161884238593425,0.013688217848539352,0.0005017466610297561,-0.0009125813376158476,-0.01692574843764305,0.49579569801603673,403.7314453125
60,tcn,raw,2.0,0.005,out_of_scope,1097552,1097538,745808,744971,0.6795195125151245,0.001122272756527149,0.014595172367990017,-0.0037653790786862373,-0.005185502115637064,-0.021477309986948967,0.4770709195391499,-2805.09814453125
60,tcn,raw,2.0,0.01,out_of_scope,1097552,1097538,689733,688987,0.6284285391489424,0.0010815779439290276,0.015477924607694149,-0.008049950003623962,-0.009495353326201439,-0.026034405454993248,0.4597343636382109,-5546.31103515625
60,tcn,wf,1.0,0.0,in_scope,630908,589900,459221,444792,0.7278731605875975,0.03142060140977873,0.01652613654732704,0.010124638676643372,0.006711331661790609,0.003162655048072338,0.5697067393298441,4503.3583984375
60,tcn,wf,1.0,0.005,in_scope,630908,589900,366033,356396,0.5801685824240618,0.026328227236342077,0.019914086908102036,0.008294905535876751,0.0055826143361628056,0.0010289145866408944,0.5532609793600377,2956.27099609375
60,tcn,wf,1.0,0.01,in_scope,630908,589900,293004,286871,0.46441636498506916,0.020931454860684495,0.022972222417593002,0.006122976541519165,0.0035336390137672424,-0.0014619306894019246,0.5308413886380987,1756.50439453125
60,tcn,wf,1.5,0.0,in_scope,630908,589900,404565,392699,0.6412424632434522,0.029330268312879264,0.018349582329392433,0.01190924271941185,0.008787563070654869,0.004834307357668877,0.586398233761736,4676.74755859375
60,tcn,wf,1.5,0.005,in_scope,630908,589900,323137,315351,0.5121776867625708,0.024095043278856955,0.021589109674096107,0.009942026808857918,0.007206989452242851,0.002566245151683688,0.566042283043339,3135.22802734375
60,tcn,wf,1.5,0.01,in_scope,630908,589900,257786,252990,0.4085952310003994,0.018604578991876983,0.02471654675900936,0.007837976329028606,0.005082721821963787,0.0001390551624353975,0.5414403731372781,1982.9296875
60,tcn,wf,2.0,0.0,in_scope,630908,589900,356736,347102,0.5654326779815758,0.02700596519555077,0.020142188295722008,0.013677316717803478,0.01068367063999176,0.006500679533928633,0.6005583373187132,4747.423828125
60,tcn,wf,2.0,0.005,in_scope,630908,589900,284208,278080,0.45047455413467574,0.02156167314079829,0.023266451433300972,0.011595512740314007,0.008703576400876045,0.0041136546060442924,0.5756976409666283,3224.480224609375
60,tcn,wf,2.0,0.01,in_scope,630908,589900,226470,222656,0.35895883393458317,0.01684108270411092,0.026288161054253578,0.00938792061060667,0.006505317986011505,0.0015702788950875401,0.5496550732969244,2090.27685546875
60,tcn,wf,1.0,0.0,out_of_scope,1097552,1097538,902665,901576,0.8224348368004432,0.0012064276337290134,0.012666424736380577,-0.0006702993414364755,-0.0017945896834135056,-0.018045073375105858,0.4914682733346939,-604.3258056640625
60,tcn,wf,1.0,0.005,out_of_scope,1097552,1097538,822657,821715,0.7495380628890477,0.0011450701811325985,0.013582742772996426,-0.004983789753168821,-0.006177658215165138,-0.022730069234967232,0.47244239182684994,-4095.2548828125
60,tcn,wf,1.0,0.01,out_of_scope,1097552,1097538,748457,747638,0.6819330655859586,0.001094251239550168,0.014572604559361935,-0.009213029406964779,-0.010439803823828697,-0.027296464890241623,0.4555747567673125,-6888.0107421875
60,tcn,wf,1.5,0.0,out_of_scope,1097552,1097538,814728,813776,0.7423138038106623,0.0011684881334629472,0.013490787707269192,0.0003026812628377229,-0.0011172707891091704,-0.01708737015724182,0.49483641690096536,246.31475830078125
60,tcn,wf,1.5,0.005,out_of_scope,1097552,1097538,737978,737167,0.6723854541743808,0.0010989487491497036,0.014546794816851616,-0.0038645213935524225,-0.0053008198738098145,-0.021619951352477074,0.4767712065244375,-2848.797607421875
60,tcn,wf,1.5,0.01,out_of_scope,1097552,1097538,668386,667694,0.6089788912051547,0.0010353298842285745,0.0156694483011961,-0.007946114987134933,-0.009384473785758018,-0.02603147365152836,0.4606765973634629,-5305.5732421875
60,tcn,wf,2.0,0.0,out_of_scope,1097552,1097538,730101,729310,0.6652085732612213,0.0010834117471418337,0.014526273123919964,0.0014851322630420327,-0.00021817698143422604,-0.01591791957616806,0.4990031673773841,1083.121826171875
60,tcn,wf,2.0,0.005,out_of_scope,1097552,1097538,658320,657636,0.5998075717596979,0.0010390083849799489,0.01572369411587715,-0.0025289321783930063,-0.00421862630173564,-0.020302364602684975,0.481930733718957,-1663.1168212890625
60,tcn,wf,2.0,0.01,out_of_scope,1097552,1097538,594320,593732,0.5414959837893786,0.0009893659981154933,0.01694755256175995,-0.006496541667729616,-0.008276417851448059,-0.0245816707611084,0.4657960157107921,-3857.20458984375
